ml;pH;sec;dpH/dml
0.000;2.128;2.089000;2.958914
0.024;2.130;4.559000;5.004172
0.048;2.132;7.030000;11.949329
0.072;2.139;9.501000;20.645734
0.096;2.150;11.971000;25.510592
0.120;2.161;14.441000;21.074785
0.144;2.167;16.912000;23.335422
0.168;2.180;19.383000;25.037097
0.192;2.188;21.853000;17.608189
0.216;2.195;24.324000;20.086771
0.240;2.204;26.795000;23.444822
0.264;2.214;29.270000;30.336989
0.288;2.230;32.690000;30.445534
0.312;2.239;35.163000;25.333672
0.336;2.251;37.633000;25.801184
0.360;2.261;40.103000;24.817443
0.384;2.271;42.574000;24.224293
0.408;2.281;45.044000;30.617325
0.432;2.297;48.465000;32.904458
0.456;2.308;50.935000;35.266803
0.480;2.326;54.741000;35.478765
0.504;2.337;57.213000;22.787570
0.528;2.345;59.684000;20.220956
0.552;2.354;62.156000;27.109704
0.576;2.367;64.627000;43.949533
0.600;2.391;68.618000;39.661586
0.624;2.400;71.088000;26.687491
0.648;2.413;73.559000;31.309619
0.672;2.426;76.033000;29.242140
0.696;2.437;78.503000;38.029140
0.720;2.458;81.924000;45.728984
0.744;2.475;85.346000;32.409597
0.768;2.484;87.818000;22.942268
0.792;2.494;90.288000;44.170041
0.816;2.521;94.849000;46.318715
0.840;2.532;97.320000;42.208542
0.864;2.556;101.121000;39.282106
0.888;2.565;103.597000;27.975499
0.912;2.579;107.018000;45.279420
0.936;2.602;111.010000;54.715125
0.960;2.625;115.192000;40.960705
0.984;2.636;117.667000;29.557518
1.008;2.649;120.137000;39.641073
1.032;2.669;123.938000;55.890315
1.056;2.695;128.120000;57.150119
1.080;2.717;132.110000;33.746322
1.104;2.723;134.580000;32.207037
1.128;2.743;138.382000;52.303209
1.152;2.767;142.562000;54.501455
1.176;2.788;146.552000;40.450459
1.200;2.800;149.023000;32.179687
1.224;2.815;151.494000;42.827333
1.248;2.836;155.296000;47.299037
1.272;2.854;158.338000;55.023666
1.296;2.881;162.902000;59.503917
1.320;2.904;166.895000;36.971897
1.344;2.912;169.367000;23.814045
1.368;2.923;171.841000;42.150424
1.392;2.947;175.834000;45.604200
1.416;2.961;178.304000;44.052095
1.440;2.984;182.486000;53.311735
1.464;3.005;186.288000;35.153985
1.488;3.013;188.760000;25.431961
1.512;3.027;191.231000;40.062432
1.536;3.046;195.413000;38.482123
1.560;3.058;197.884000;39.426548
1.584;3.079;201.497000;35.860808
1.608;3.088;203.967000;25.178975
1.632;3.099;206.438000;27.919090
1.656;3.111;208.909000;26.803728
1.680;3.122;211.379000;33.365133
1.704;3.139;214.610000;36.699253
1.728;3.152;217.081000;28.696852
1.752;3.163;219.556000;26.299465
1.776;3.174;222.028000;23.746525
1.800;3.183;224.500000;22.377322
1.824;3.193;226.971000;25.766997
1.848;3.204;229.442000;25.299485
1.872;3.213;231.913000;23.510632
1.896;3.223;234.383000;27.444740
1.920;3.236;236.855000;26.469547
1.944;3.245;239.325000;20.056002
1.968;3.253;241.797000;17.543233
1.992;3.260;244.269000;19.838058
2.016;3.269;246.740000;25.084959
2.040;3.281;249.212000;23.420036
2.064;3.289;251.684000;19.367127
2.088;3.297;254.154000;19.803016
2.112;3.305;256.624000;13.578356
2.136;3.308;259.095000;13.762113
2.160;3.317;261.569000;20.578214
2.184;3.325;264.042000;19.520970
2.208;3.333;266.513000;20.612401
2.232;3.342;268.986000;23.249954
2.256;3.352;271.456000;17.868867
2.280;3.357;273.926000;14.502269
2.304;3.364;276.396000;15.574042
2.328;3.370;278.868000;14.004843
2.352;3.376;281.338000;17.280845
2.376;3.384;283.808000;20.486762
2.400;3.393;286.279000;16.723591
2.424;3.398;288.749000;14.269795
2.448;3.404;291.219000;15.668912
2.472;3.411;293.690000;14.623634
2.496;3.417;296.163000;15.109094
2.520;3.424;298.634000;14.344152
2.544;3.428;301.104000;14.133900
2.568;3.435;303.577000;17.117600
2.592;3.443;306.047000;15.664638
2.616;3.448;308.522000;10.435685
2.640;3.451;310.992000;10.428848
2.664;3.457;313.462000;15.467206
2.688;3.464;315.934000;15.006532
2.712;3.469;318.406000;10.904906
2.736;3.473;320.877000;12.137360
2.760;3.479;323.348000;16.368043
2.784;3.487;325.819000;14.423638
2.808;3.491;328.293000;9.000671
2.832;3.494;330.764000;12.719399
2.856;3.502;333.235000;16.829572
2.880;3.508;335.708000;13.229645
2.904;3.513;338.182000;12.611709
2.928;3.519;340.653000;13.671517
2.952;3.524;343.124000;13.558698
2.976;3.530;345.594000;12.851020
3.000;3.535;348.069000;9.036568
3.024;3.537;350.541000;8.889563
3.048;3.542;353.012000;13.402291
3.072;3.548;355.483000;13.697157
3.096;3.554;357.955000;10.328850
3.120;3.557;360.425000;11.809161
3.144;3.563;362.896000;15.874890
3.168;3.570;365.366000;11.835656
3.192;3.573;367.836000;9.594676
3.216;3.578;370.307000;13.228791
3.240;3.584;372.778000;13.855273
3.264;3.590;375.252000;9.717751
3.288;3.592;377.722000;10.262184
3.312;3.598;380.192000;13.398018
3.336;3.603;382.666000;10.279278
3.360;3.607;385.136000;6.328931
3.384;3.609;387.606000;9.135711
3.408;3.614;390.076000;13.463828
3.432;3.620;392.547000;12.900592
3.456;3.625;395.020000;9.192121
3.480;3.627;397.492000;9.081012
3.504;3.632;399.967000;11.292078
3.528;3.637;402.439000;12.235648
3.552;3.643;404.909000;12.774954
3.576;3.647;407.383000;7.663947
3.600;3.649;409.853000;5.810138
3.624;3.652;412.324000;10.056206
3.648;3.657;414.794000;11.373273
3.672;3.662;417.268000;8.396410
3.696;3.664;419.739000;6.598156
3.720;3.667;422.210000;10.028001
3.744;3.673;424.682000;11.722838
3.768;3.677;427.152000;6.516107
3.792;3.678;429.622000;5.686209
3.816;3.681;432.093000;10.527136
3.840;3.687;434.565000;12.648460
3.864;3.692;437.037000;6.187054
3.888;3.692;439.507000;4.137523
3.912;3.695;441.980000;7.695570
3.936;3.698;444.451000;6.053723
3.960;3.700;446.922000;7.341731
3.984;3.704;449.397000;9.632283
4.008;3.708;451.867000;7.681895
4.032;3.711;454.337000;4.752895
4.056;3.712;456.809000;6.524653
4.080;3.716;459.285000;10.832258
4.104;3.721;461.755000;9.683564
4.128;3.724;464.231000;4.469994
4.152;3.725;466.701000;5.002462
4.176;3.728;469.172000;9.155369
4.200;3.733;471.642000;6.603284
4.224;3.734;474.115000;2.985409
4.248;3.735;476.586000;9.740827
4.272;3.742;479.056000;10.667304
4.296;3.744;481.531000;5.177672
4.320;3.746;484.006000;3.494801
4.344;3.747;486.477000;4.170001
4.368;3.750;488.950000;7.510104
4.392;3.753;491.421000;7.583606
4.416;3.756;493.893000;6.285342
4.440;3.758;496.367000;3.105920
4.464;3.758;498.837000;4.911866
4.488;3.762;501.308000;8.135732
4.512;3.765;503.783000;5.012718
4.536;3.767;506.253000;2.140127
4.560;3.767;508.724000;3.244378
4.584;3.769;511.195000;3.352069
4.608;3.770;513.670000;0.766651
4.632;3.769;516.141000;2.481146
4.656;3.768;518.613000;0.753831
4.680;3.769;521.085000;1.123909
4.704;3.769;523.555000;2.562341
4.728;3.767;526.025000;0.098289
4.752;3.769;528.495000;1.629881
4.776;3.768;530.971000;2.142691
4.800;3.767;533.441000;3.237541
4.824;3.766;535.913000;0.213671
4.848;3.767;538.385000;1.272624
4.872;3.767;540.856000;2.386276
4.896;3.765;543.326000;2.829857
4.920;3.764;545.802000;0.449563
4.944;3.765;548.273000;1.573472
4.968;3.766;550.743000;2.243544
4.992;3.763;553.213000;1.686290
5.016;3.764;555.683000;1.631591
5.040;3.765;558.155000;1.894833
5.064;3.763;560.627000;3.123868
5.088;3.762;563.097000;0.276063
5.112;3.763;565.571000;0.561527
5.136;3.763;568.041000;2.346106
5.160;3.761;570.514000;2.229869
5.184;3.761;572.985000;0.065811
5.208;3.761;575.459000;1.266641
5.232;3.762;577.929000;0.924767
5.256;3.760;580.402000;3.549500
5.280;3.759;582.873000;0.902546
5.304;3.759;585.344000;0.896563
5.328;3.760;587.819000;0.056409
5.352;3.759;590.289000;2.828148
5.376;3.757;592.759000;1.964063
5.400;3.758;595.230000;1.599113
5.424;3.758;597.704000;0.158116
5.448;3.758;600.174000;3.346086
5.472;3.756;602.644000;2.063206
5.496;3.756;605.117000;2.180297
5.520;3.758;607.587000;0.006837
5.544;3.756;610.058000;3.393948
5.568;3.755;612.530000;0.198287
5.592;3.756;615.000000;2.224741
5.616;3.757;617.474000;1.457235
5.640;3.755;619.945000;3.340103
5.664;3.754;622.415000;0.127348
5.688;3.755;624.887000;1.489713
5.712;3.755;627.360000;1.482021
5.736;3.754;629.831000;3.676848
5.760;3.752;632.303000;0.335036
5.784;3.753;634.774000;1.747828
5.808;3.753;637.244000;2.289697
5.832;3.751;639.714000;2.390550
5.856;3.751;642.186000;1.773468
5.880;3.753;644.657000;0.152134
5.904;3.752;647.128000;3.087117
5.928;3.750;649.599000;0.272644
5.952;3.751;652.070000;1.561507
5.976;3.752;654.540000;1.598258
6.000;3.750;657.011000;2.373456
6.024;3.750;659.481000;1.065790
6.048;3.751;661.952000;1.085448
6.072;3.750;664.423000;1.760648
6.096;3.749;666.897000;2.625588
6.120;3.748;669.368000;1.716204
6.144;3.748;671.843000;1.799109
6.168;3.750;674.313000;1.599113
6.192;3.749;676.789000;1.640138
6.216;3.748;679.259000;2.563196
6.240;3.747;681.730000;1.758084
6.264;3.747;684.206000;1.598258
6.288;3.749;686.677000;1.655522
6.312;3.748;689.149000;3.004212
6.336;3.746;691.619000;1.695692
6.360;3.747;694.090000;1.711931
6.384;3.747;696.560000;0.332472
6.408;3.747;699.034000;2.782849
6.432;3.745;701.506000;0.938442
6.456;3.746;703.980000;2.081154
6.480;3.747;706.450000;0.108545
6.504;3.746;708.925000;2.461488
6.528;3.745;711.397000;0.704259
6.552;3.746;713.867000;0.743575
6.576;3.745;716.339000;1.813638
6.600;3.745;718.815000;2.037565
6.624;3.744;721.286000;0.951263
6.648;3.746;723.756000;0.136749
6.672;3.744;726.226000;3.015323
6.696;3.743;728.701000;0.006837
6.720;3.744;731.173000;1.608514
6.744;3.745;733.646000;0.249568
6.768;3.744;736.117000;2.539265
6.792;3.742;738.589000;1.408518
6.816;3.743;741.063000;2.225596
6.840;3.744;743.535000;1.105960
6.864;3.744;746.009000;2.696526
6.888;3.742;748.481000;2.599092
6.912;3.741;750.954000;1.470056
6.936;3.743;753.425000;2.029873
6.960;3.743;755.899000;1.804237
6.984;3.742;758.373000;3.179422
7.008;3.741;760.845000;0.007692
7.032;3.742;763.317000;1.436723
7.056;3.742;765.787000;1.816202
7.080;3.740;768.257000;0.107690
7.104;3.742;770.728000;1.029894
7.128;3.741;773.199000;2.358072
7.152;3.740;775.669000;1.893979
7.176;3.743;778.140000;5.672534
7.200;3.744;780.615000;2.311919
7.224;3.745;783.085000;3.875135
7.248;3.748;785.557000;8.431452
7.272;3.752;788.028000;7.729757
7.296;3.754;790.499000;6.732342
7.320;3.757;792.969000;8.038298
7.344;3.761;795.444000;8.662217
7.368;3.764;797.916000;5.482794
7.392;3.765;800.387000;4.849474
7.416;3.768;802.858000;9.227163
7.440;3.773;805.328000;6.237480
7.464;3.774;807.799000;4.874260
7.488;3.777;810.270000;10.800635
7.512;3.782;812.740000;7.728902
7.536;3.783;815.210000;4.568283
7.560;3.786;817.680000;7.859669
7.584;3.790;820.153000;8.767343
7.608;3.794;822.627000;5.492196
7.632;3.794;825.098000;5.109298
7.656;3.798;827.569000;8.911784
7.680;3.802;830.040000;8.194705
7.704;3.805;832.511000;4.000773
7.728;3.805;834.981000;4.302477
7.752;3.808;837.452000;7.888728
7.776;3.812;839.922000;6.534055
7.800;3.814;842.393000;3.641806
7.824;3.815;844.866000;5.481940
7.848;3.818;847.336000;8.735720
7.872;3.822;849.807000;6.205002
7.896;3.823;852.278000;3.793085
7.920;3.825;854.749000;4.861439
7.944;3.827;857.220000;6.847724
7.968;3.831;859.691000;5.618689
7.992;3.832;862.162000;3.676848
8.016;3.834;864.632000;5.299037
8.040;3.836;867.105000;8.086160
8.064;3.840;869.575000;6.218677
8.088;3.841;872.049000;1.302538
8.112;3.842;874.520000;3.338394
8.136;3.844;876.990000;6.597302
8.160;3.847;879.464000;5.100751
8.184;3.848;881.934000;6.848579
8.208;3.853;884.409000;3.995645
8.232;3.852;886.879000;4.522130
8.256;3.856;889.349000;5.240064
8.280;3.856;891.820000;1.047842
8.304;3.857;894.293000;5.157160
8.328;3.860;896.765000;6.338332
8.352;3.863;899.240000;5.020411
8.376;3.865;901.711000;2.724731
8.400;3.865;904.181000;3.032417
8.424;3.867;906.656000;6.540892
8.448;3.870;909.126000;4.587086
8.472;3.871;911.597000;2.422173
8.496;3.872;914.067000;5.860564
8.520;3.876;916.538000;5.525529
8.544;3.877;919.009000;0.770924
8.568;3.876;921.479000;3.671720
8.592;3.880;923.950000;7.312672
8.616;3.882;926.421000;3.493091
8.640;3.883;928.891000;1.999105
8.664;3.884;931.362000;5.615270
8.688;3.887;933.833000;5.999878
8.712;3.889;936.304000;3.922142
8.736;3.884;938.776000;4.730673
8.760;3.885;941.247000;5.750310
8.784;3.889;943.718000;7.170794
8.808;3.891;946.188000;4.898191
8.832;3.893;948.658000;5.446898
8.856;3.896;951.130000;6.796443
8.880;3.899;953.601000;4.797338
8.904;3.900;956.074000;1.646975
8.928;3.900;958.545000;4.325553
8.952;3.903;961.015000;6.428074
8.976;3.905;963.486000;0.905964
9.000;3.904;965.956000;1.282880
9.024;3.906;968.427000;7.436601
9.048;3.910;970.898000;7.236605
9.072;3.912;973.373000;2.651228
9.096;3.912;975.844000;1.365784
9.120;3.914;978.316000;4.741784
9.144;3.916;980.786000;5.358011
9.168;3.918;983.257000;2.380293
9.192;3.918;985.729000;2.229869
9.216;3.920;988.200000;5.887914
9.240;3.923;990.671000;5.486213
9.264;3.924;993.142000;2.103376
9.288;3.925;995.614000;2.353798
9.312;3.926;998.084000;5.379378
9.336;3.929;1000.557000;6.240044
9.360;3.931;1003.029000;1.449543
9.384;3.930;1005.499000;0.499990
9.408;3.932;1007.972000;4.930669
9.432;3.935;1010.445000;6.128080
9.456;3.937;1012.915000;2.313628
9.480;3.936;1015.386000;1.318777
9.504;3.938;1017.860000;4.607599
9.528;3.940;1020.332000;6.248591
9.552;3.943;1022.803000;4.346920
9.576;3.944;1025.274000;1.446979
9.600;3.944;1027.745000;3.870861
9.624;3.947;1030.215000;6.531491
9.648;3.950;1032.688000;3.236686
9.672;3.950;1035.158000;0.200851
9.696;3.950;1037.628000;4.823833
9.720;3.954;1040.100000;5.211860
9.744;3.954;1042.570000;0.512810
9.768;3.954;1045.041000;3.282839
9.792;3.957;1047.511000;6.116969
9.816;3.959;1049.981000;3.352069
9.840;3.960;1052.452000;3.223011
9.864;3.962;1054.922000;5.265705
9.888;3.964;1057.393000;2.476018
9.912;3.964;1059.863000;1.408518
9.936;3.965;1062.334000;5.851163
9.960;3.969;1064.804000;4.968275
9.984;3.970;1067.274000;1.154677
10.008;3.970;1069.745000;3.555483
10.032;3.972;1072.217000;6.293034
10.056;3.975;1074.687000;3.034126
10.080;3.975;1077.158000;1.030748
10.104;3.976;1079.629000;4.564010
10.128;3.979;1082.100000;5.671679
10.152;3.981;1084.575000;3.740949
10.176;3.982;1087.047000;1.492277
10.200;3.982;1089.518000;2.846951
10.224;3.984;1091.991000;6.724649
10.248;3.987;1094.461000;5.138357
10.272;3.988;1096.932000;2.087992
10.296;3.989;1099.403000;2.998230
10.320;3.991;1101.874000;5.481940
10.344;3.994;1104.345000;3.814452
10.368;3.994;1106.816000;1.146131
10.392;3.995;1109.287000;3.291386
10.416;3.997;1111.758000;5.896461
10.440;4.000;1114.232000;5.931503
10.464;4.002;1116.703000;1.917055
10.488;4.001;1119.173000;1.868338
10.512;4.003;1121.643000;5.846035
10.536;4.006;1124.115000;5.334934
10.560;4.008;1126.585000;1.811074
10.584;4.007;1129.057000;2.300808
10.608;4.010;1131.528000;6.273377
10.632;4.013;1134.000000;5.028957
10.656;4.014;1136.470000;1.306811
10.680;4.014;1138.941000;2.440121
10.704;4.016;1141.413000;6.240899
10.728;4.019;1143.883000;4.640076
10.752;4.020;1146.355000;2.411917
10.776;4.021;1148.825000;5.311858
10.800;4.024;1151.296000;6.371665
10.824;4.026;1153.768000;3.693942
10.848;4.027;1156.240000;1.427321
10.872;4.027;1158.710000;4.463157
10.896;4.031;1161.181000;5.363993
10.920;4.032;1163.651000;2.115342
10.944;4.033;1166.124000;3.030708
10.968;4.034;1168.597000;5.246902
10.992;4.037;1171.068000;5.899025
11.016;4.039;1173.540000;1.970045
11.040;4.039;1176.010000;1.879449
11.064;4.041;1178.482000;6.562260
11.088;4.044;1180.954000;4.863149
11.112;4.045;1183.425000;1.963208
11.136;4.046;1185.896000;4.777681
11.160;4.049;1188.366000;6.624651
11.184;4.051;1190.836000;2.803362
11.208;4.051;1193.306000;3.614456
11.232;4.054;1195.776000;6.238335
11.256;4.056;1198.246000;3.072587
11.280;4.057;1200.717000;1.844407
11.304;4.058;1203.189000;4.349484
11.328;4.060;1205.662000;7.873344
11.352;4.064;1208.132000;5.681936
11.376;4.065;1210.606000;0.982031
11.400;4.065;1213.076000;2.590546
11.424;4.067;1215.546000;6.598156
11.448;4.071;1218.016000;6.472518
11.472;4.073;1220.493000;1.177754
11.496;4.072;1222.963000;0.372642
11.520;4.072;1225.434000;5.382796
11.544;4.076;1227.904000;5.835779
11.568;4.077;1230.374000;0.979467
11.592;4.077;1232.845000;3.568303
11.616;4.080;1235.317000;8.077613
11.640;4.084;1237.787000;4.583667
11.664;4.084;1240.258000;2.863190
11.688;4.086;1242.728000;8.671618
11.712;4.091;1245.198000;6.125516
11.736;4.091;1247.668000;0.941006
11.760;4.092;1250.138000;4.799902
11.784;4.095;1252.608000;5.991331
11.808;4.097;1255.079000;2.268330
11.832;4.097;1257.551000;2.536700
11.856;4.099;1260.023000;6.720376
11.880;4.102;1262.494000;7.631469
11.904;4.105;1264.964000;3.461468
11.928;4.105;1267.434000;3.264891
11.952;4.108;1269.906000;5.700739
11.976;4.110;1272.377000;6.478501
12.000;4.113;1274.848000;4.911866
12.024;4.114;1277.318000;3.202499
12.048;4.116;1279.788000;6.120388
12.072;4.119;1282.259000;5.957998
12.096;4.121;1284.730000;2.988828
12.120;4.122;1287.200000;3.959748
12.144;4.124;1289.671000;7.049429
12.168;4.128;1292.141000;5.247756
12.192;4.128;1294.613000;1.764067
12.216;4.129;1297.083000;4.936652
12.240;4.133;1299.553000;6.914389
12.264;4.135;1302.023000;5.510999
12.288;4.137;1304.496000;3.609328
12.312;4.138;1306.966000;5.834924
12.336;4.142;1309.437000;7.325492
12.360;4.144;1311.911000;101.371440
12.384;4.226;1314.761000;13.512545
12.408;4.155;1318.561000;89.464845
12.432;4.152;1321.031000;3.989662
12.456;4.152;1323.502000;5.227244
12.480;4.156;1325.972000;6.465680
12.504;4.157;1328.443000;1.023056
12.528;4.157;1330.913000;2.651228
12.552;4.159;1333.385000;6.271667
12.576;4.162;1335.858000;7.239169
12.600;4.165;1338.329000;4.277691
12.624;4.166;1340.800000;4.711870
12.648;4.169;1343.271000;7.957958
12.672;4.172;1345.742000;4.571702
12.696;4.173;1348.212000;4.305041
12.720;4.176;1350.685000;6.932337
12.744;4.179;1353.155000;6.640890
12.768;4.181;1355.632000;6.031501
12.792;4.184;1358.103000;3.849494
12.816;4.185;1360.574000;3.243524
12.840;4.186;1363.049000;5.719542
12.864;4.189;1365.522000;7.827191
12.888;4.193;1367.992000;7.798987
12.912;4.196;1370.463000;3.926416
12.936;4.196;1372.933000;3.322155
12.960;4.199;1375.404000;8.055392
12.984;4.203;1377.875000;7.031481
13.008;4.204;1380.346000;3.847785
13.032;4.206;1382.819000;4.805885
13.056;4.208;1385.289000;7.523778
13.080;4.212;1387.761000;7.850268
13.104;4.215;1390.232000;6.844305
13.128;4.218;1392.702000;5.511854
13.152;4.220;1395.173000;7.504121
13.176;4.224;1397.643000;5.059726
13.200;4.224;1400.113000;3.073442
13.224;4.227;1402.586000;6.900714
13.248;4.229;1405.058000;9.033149
13.272;4.234;1407.529000;7.862233
13.296;4.236;1410.000000;4.767424
13.320;4.238;1412.472000;7.210110
13.344;4.242;1414.944000;9.568181
13.368;4.246;1417.414000;8.292994
13.392;4.249;1419.889000;6.816955
13.416;4.252;1422.360000;5.114426
13.440;4.253;1424.830000;5.907572
13.464;4.257;1427.302000;10.974136
13.488;4.262;1429.772000;7.266519
13.512;4.263;1432.242000;2.527299
13.536;4.264;1434.713000;7.058831
13.560;4.268;1437.183000;9.238273
13.584;4.272;1439.653000;5.402454
13.608;4.273;1442.123000;5.956289
13.632;4.277;1444.595000;9.456218
13.656;4.281;1447.066000;8.998107
13.680;4.284;1449.537000;6.497304
13.704;4.286;1452.008000;7.163102
13.728;4.290;1454.479000;11.854460
13.752;4.296;1456.949000;9.084430
13.776;4.298;1459.424000;3.636678
13.800;4.299;1461.894000;5.757148
13.824;4.303;1464.364000;10.203211
13.848;4.308;1466.834000;9.533139
13.872;4.310;1469.306000;5.233227
13.896;4.312;1471.777000;9.096396
13.920;4.318;1474.248000;10.869864
13.944;4.321;1476.719000;7.916078
13.968;4.325;1479.190000;7.932317
13.992;4.327;1481.660000;10.418591
14.016;4.333;1484.130000;9.130583
14.040;4.335;1486.600000;5.552878
14.064;4.338;1489.075000;9.184428
14.088;4.343;1491.546000;12.962984
14.112;4.349;1494.016000;10.187827
14.136;4.351;1496.486000;6.821229
14.160;4.354;1498.957000;9.523738
14.184;4.359;1501.427000;10.912598
14.208;4.363;1503.897000;8.434871
14.232;4.366;1506.370000;7.035754
14.256;4.369;1508.840000;10.692945
14.280;4.375;1511.310000;13.486905
14.304;4.380;1513.784000;11.017724
14.328;4.384;1516.254000;8.269062
14.352;4.387;1518.724000;11.523697
14.376;4.394;1521.195000;13.090332
14.400;4.398;1523.666000;8.336582
14.424;4.400;1526.137000;7.975051
14.448;4.405;1528.608000;12.733929
14.472;4.411;1531.079000;14.556114
14.496;4.417;1533.549000;11.673267
14.520;4.421;1536.020000;9.159643
14.544;4.424;1538.493000;9.731426
14.568;4.429;1540.965000;10.743371
14.592;4.433;1543.440000;14.105696
14.616;4.440;1545.915000;13.751857
14.640;4.445;1548.386000;9.391262
14.664;4.448;1550.856000;12.094626
14.688;4.455;1553.327000;14.209967
14.712;4.460;1555.798000;13.020248
14.736;4.465;1558.268000;11.280967
14.760;4.469;1560.742000;12.488635
14.784;4.476;1563.213000;17.815022
14.808;4.484;1565.685000;17.894507
14.832;4.491;1568.155000;12.665554
14.856;4.495;1570.626000;12.650170
14.880;4.501;1573.097000;18.189373
14.904;4.510;1575.572000;14.386887
14.928;4.513;1578.044000;10.725423
14.952;4.519;1580.515000;16.749232
14.976;4.527;1582.985000;16.732138
15.000;4.532;1585.455000;15.832156
15.024;4.540;1587.926000;15.573187
15.048;4.545;1590.397000;15.436438
15.072;4.553;1592.868000;22.826886
15.096;4.564;1595.339000;18.219287
15.120;4.568;1597.811000;14.548422
15.144;4.576;1600.281000;15.840703
15.168;4.581;1602.751000;16.069758
15.192;4.590;1605.222000;19.079953
15.216;4.597;1607.695000;20.994444
15.240;4.607;1610.166000;21.575629
15.264;4.615;1612.637000;17.052644
15.288;4.621;1615.107000;22.179036
15.312;4.633;1617.578000;22.207240
15.336;4.640;1620.052000;20.317535
15.360;4.650;1622.523000;25.806312
15.384;4.661;1624.999000;27.564396
15.408;4.673;1628.044000;24.089253
15.432;4.681;1630.514000;18.799617
15.456;4.688;1632.985000;22.480739
15.480;4.700;1635.456000;24.003785
15.504;4.708;1637.926000;26.155023
15.528;4.721;1640.399000;25.980668
15.552;4.730;1642.869000;24.620866
15.576;4.742;1645.340000;32.379683
15.600;4.757;1648.951000;30.252376
15.624;4.767;1651.427000;23.184998
15.648;4.776;1653.903000;28.065241
15.672;4.790;1656.375000;26.289208
15.696;4.798;1658.845000;37.800940
15.720;4.821;1662.836000;42.340164
15.744;4.833;1665.307000;24.621721
15.768;4.842;1667.777000;33.627521
15.792;4.861;1671.199000;36.138580
15.816;4.872;1673.670000;37.873588
15.840;4.892;1677.470000;39.734234
15.864;4.905;1679.942000;32.524124
15.888;4.919;1682.412000;46.640076
15.912;4.943;1686.783000;48.186198
15.936;4.959;1689.253000;35.624061
15.960;4.973;1691.723000;50.370769
15.984;5.001;1695.904000;55.998860
16.008;5.019;1699.517000;55.310840
16.032;5.047;1703.319000;44.191408
16.056;5.056;1705.790000;47.903298
16.080;5.086;1709.211000;50.204961
16.104;5.098;1712.252000;44.524735
16.128;5.123;1716.248000;57.842412
16.152;5.146;1720.049000;65.517470
16.176;5.178;1723.851000;57.031318
16.200;5.193;1727.461000;63.179910
16.224;5.230;1732.402000;85.176898
16.248;5.264;1736.014000;73.784823
16.272;5.291;1740.766000;66.789239
16.296;5.319;1745.522000;71.861785
16.320;5.351;1750.844000;65.479009
16.344;5.373;1754.074000;56.093730
16.368;5.397;1757.306000;88.806739
16.392;5.447;1762.438000;109.063592
16.416;5.488;1766.054000;102.828676
16.440;5.532;1769.665000;86.105085
16.464;5.559;1774.797000;45.581123
16.488;5.570;1777.272000;87.165747
16.512;5.631;1782.023000;82.096619
16.536;5.638;1784.495000;86.694816
16.560;5.703;1788.486000;112.283184
16.584;5.731;1793.238000;84.972629
16.608;5.774;1798.748000;70.943000
16.632;5.790;1801.790000;71.750676
16.656;5.833;1806.163000;95.828818
16.680;5.869;1809.583000;116.172849
16.704;5.929;1813.384000;76.449726
16.728;5.933;1816.805000;57.081744
16.752;5.977;1820.607000;46.946907
16.776;5.972;1823.078000;38.750493
16.800;6.009;1830.679000;80.171872
16.824;6.038;1837.905000;38.116318
16.848;6.041;1840.377000;36.243707
16.872;6.068;1844.178000;104.066257
16.896;6.127;1848.359000;131.999877
16.920;6.178;1852.541000;63.579047
16.944;6.180;1855.773000;11.293787
16.968;6.187;1861.283000;67.549052
16.992;6.236;1866.033000;142.193686
17.016;6.305;1870.026000;54.203170
17.040;6.280;1872.496000;21.184184
17.064;6.322;1875.916000;76.070246
17.088;6.344;1880.667000;49.866506
17.112;6.364;1887.890000;46.126411
17.136;6.382;1891.121000;38.146232
17.160;6.395;1894.921000;48.546875
17.184;6.422;1903.093000;82.505158
17.208;6.464;1907.274000;50.347693
17.232;6.464;1909.938000;4.131540
17.256;6.467;1912.415000;113.702813
17.280;6.558;1916.026000;117.174538
17.304;6.564;1918.877000;65.363627
17.328;6.612;1922.488000;50.274190
17.352;6.606;1925.148000;21.197004
17.376;6.630;1928.758000;114.289126
17.400;6.701;1932.179000;70.682322
17.424;6.688;1935.030000;33.028387
17.448;6.673;1942.633000;1.816202
17.472;6.687;1945.484000;78.744551
17.496;6.739;1949.854000;64.788425
17.520;6.741;1952.324000;93.351091
17.544;6.816;1955.746000;49.601554
17.568;6.782;1958.597000;19.855151
17.592;6.800;1967.343000;50.485297
17.616;6.824;1971.334000;26.278952
17.640;6.821;1973.805000;31.922427
17.664;6.850;1982.171000;46.424696
17.688;6.860;1985.783000;55.636474
17.712;6.896;1990.536000;33.387354
17.736;6.888;1993.007000;56.435603
17.760;6.943;1996.238000;133.207544
17.784;6.998;1999.849000;46.297348
17.808;6.981;2002.509000;77.700128
17.832;7.062;2006.119000;53.787794
17.856;7.026;2008.590000;22.399544
17.880;7.044;2015.242000;13.507417
17.904;7.037;2017.714000;59.806475
17.928;7.093;2021.324000;41.476933
17.952;7.072;2028.165000;5.480230
17.976;7.098;2035.203000;36.444557
18.000;7.102;2037.673000;40.100893
18.024;7.131;2044.516000;39.220569
18.048;7.134;2046.986000;58.169756
18.072;7.179;2051.174000;152.343907
18.096;7.261;2054.405000;63.204696
18.120;7.232;2058.016000;52.162186
18.144;7.217;2060.486000;39.140229
18.168;7.264;2065.050000;48.990456
18.192;7.258;2067.521000;25.678964
18.216;7.286;2071.702000;42.482896
18.240;7.293;2074.174000;45.830691
18.264;7.324;2080.254000;35.041167
18.288;7.322;2082.724000;56.427056
18.312;7.370;2086.144000;50.520339
18.336;7.364;2089.375000;0.557254
18.360;7.370;2091.845000;85.281170
18.384;7.435;2096.786000;89.469119
18.408;7.444;2100.207000;27.068680
18.432;7.457;2103.247000;29.271199
18.456;7.468;2106.858000;13.288618
18.480;7.468;2110.089000;16.220183
18.504;7.482;2113.701000;93.526301
18.528;7.546;2118.642000;30.274597
18.552;7.507;2124.535000;33.345475
18.576;7.518;2127.005000;21.661097
18.600;7.525;2129.476000;37.342829
18.624;7.549;2136.697000;36.267638
18.648;7.555;2140.312000;22.298691
18.672;7.568;2143.352000;51.768177
18.696;7.598;2146.962000;75.653161
18.720;7.630;2150.955000;26.089212
18.744;7.620;2158.178000;7.634887
18.768;7.624;2161.218000;35.864227
18.792;7.649;2165.778000;30.324169
18.816;7.649;2168.248000;111.996010
18.840;7.742;2171.290000;113.581448
18.864;7.743;2173.761000;1.024765
18.888;7.743;2176.612000;12.124539
18.912;7.733;2179.084000;25.439653
18.936;7.764;2183.264000;61.603019
18.960;7.784;2187.064000;46.713579
18.984;7.803;2191.244000;20.906412
19.008;7.802;2193.716000;37.784701
19.032;7.834;2197.516000;37.813760
19.056;7.833;2200.557000;40.714556
19.080;7.868;2204.738000;31.172015
19.104;7.859;2207.209000;27.238762
19.128;7.890;2211.200000;56.352699
19.152;7.906;2214.810000;21.235465
19.176;7.908;2217.280000;76.962536
19.200;7.969;2223.931000;54.849311
19.224;7.954;2227.353000;24.673002
19.248;7.949;2229.824000;24.730266
19.272;7.974;2233.626000;44.584562
19.296;7.986;2239.326000;13.119391
19.320;7.985;2241.797000;27.821656
19.344;8.009;2245.977000;70.572922
19.368;8.043;2249.972000;42.464093
19.392;8.044;2252.446000;26.396044
19.416;8.065;2256.441000;57.412506
19.440;8.092;2260.622000;38.371868
19.464;8.097;2264.233000;7.508394
19.488;8.098;2266.893000;36.583871
19.512;8.127;2271.077000;31.942939
19.536;8.125;2273.548000;54.198042
19.560;8.172;2277.162000;60.429539
19.584;8.175;2279.632000;17.658615
19.608;8.187;2282.103000;43.233308
19.632;8.211;2285.905000;33.175393
19.656;8.215;2289.140000;39.203475
19.680;8.243;2293.321000;53.757880
19.704;8.259;2297.312000;24.178140
19.728;8.263;2299.784000;12.504019
19.752;8.269;2302.829000;19.787631
19.776;8.279;2305.299000;66.867869
19.800;8.325;2309.290000;63.326916
19.824;8.332;2311.765000;17.141531
19.848;8.339;2314.238000;43.703384
19.872;8.368;2318.418000;34.515537
19.896;8.368;2320.891000;24.531125
19.920;8.389;2324.881000;38.441098
19.944;8.400;2327.353000;50.611790
19.968;8.431;2331.154000;31.682261
19.992;8.426;2333.626000;75.079668
20.016;8.368;2392.711000;39.265867
20.040;8.393;2398.411000;33.636922
20.064;8.396;2400.882000;39.700901
20.088;8.426;2404.494000;44.894812
20.112;8.433;2406.969000;45.881972
20.136;8.464;2410.961000;68.484931
20.160;8.490;2414.952000;31.989092
20.184;8.491;2417.424000;63.452554
20.208;8.543;2421.414000;68.449034
20.232;8.548;2423.885000;39.412873
20.256;8.575;2427.876000;52.343379
20.280;8.591;2431.680000;25.033678
20.304;8.596;2434.911000;42.165808
20.328;8.626;2438.522000;48.250300
20.352;8.636;2440.993000;45.584542
20.376;8.664;2444.794000;35.943713
20.400;8.666;2447.264000;22.373903
20.424;8.682;2449.926000;32.423272
20.448;8.693;2452.397000;57.044138
20.472;8.730;2455.817000;58.908202
20.496;8.742;2459.623000;30.152378
20.520;8.755;2462.093000;65.286705
20.544;8.796;2465.514000;51.408355
20.568;8.797;2467.984000;21.084186
20.592;8.813;2470.456000;38.094096
20.616;8.829;2473.686000;62.813251
20.640;8.865;2477.677000;47.798172
20.664;8.868;2480.148000;14.417655
20.688;8.877;2482.618000;29.756659
20.712;8.893;2485.088000;45.765735
20.736;8.915;2488.888000;50.216926
20.760;8.935;2493.070000;28.251562
20.784;8.939;2495.540000;54.244195
20.808;8.980;2499.720000;68.964408
20.832;8.996;2503.710000;29.610508
20.856;9.004;2506.180000;26.443051
20.880;9.018;2509.792000;18.756028
20.904;9.020;2512.263000;18.970554
20.928;9.034;2514.734000;51.532284
20.952;9.063;2518.346000;51.110071
20.976;9.076;2522.146000;27.129362
21.000;9.085;2524.810000;20.746586
21.024;9.093;2527.282000;42.256405
21.048;9.120;2531.083000;51.945096
21.072;9.136;2535.075000;35.194155
21.096;9.149;2538.876000;54.831362
21.120;9.182;2543.058000;55.131356
21.144;9.195;2546.668000;17.076575
21.168;9.196;2549.140000;18.715858
21.192;9.210;2551.613000;37.755642
21.216;9.227;2554.844000;46.428969
21.240;9.249;2558.456000;18.767139
21.264;9.243;2560.926000;20.397875
21.288;9.266;2564.917000;58.328727
21.312;9.291;2568.529000;41.111984
21.336;9.300;2571.000000;29.345556
21.360;9.315;2573.471000;41.459840
21.384;9.334;2575.942000;44.087991
21.408;9.352;2579.743000;22.867911
21.432;9.353;2582.219000;13.785189
21.456;9.363;2584.691000;29.552390
21.480;9.378;2587.163000;44.376020
21.504;9.400;2590.204000;54.518548
21.528;9.423;2594.006000;40.288069
21.552;9.434;2596.476000;17.650068
21.576;9.438;2598.946000;14.000570
21.600;9.445;2601.417000;30.331861
21.624;9.463;2605.217000;26.066136
21.648;9.467;2607.688000;21.756822
21.672;9.481;2610.158000;51.197248
21.696;9.509;2614.339000;45.575141
21.720;9.519;2617.191000;30.942960
21.744;9.535;2620.042000;25.169573
21.768;9.539;2622.515000;38.243666
21.792;9.567;2625.555000;25.580676
21.816;9.561;2628.025000;13.736472
21.840;9.578;2631.446000;33.351458
21.864;9.588;2634.301000;24.935390
21.888;9.599;2637.344000;37.770171
21.912;9.620;2641.337000;38.627419
21.936;9.631;2644.760000;26.061863
21.960;9.641;2648.565000;17.237256
21.984;9.645;2651.036000;9.958772
22.008;9.650;2653.506000;46.243503
22.032;9.683;2656.358000;44.501658
22.056;9.686;2659.398000;12.198042
22.080;9.693;2662.818000;14.854398
22.104;9.699;2665.288000;18.039804
22.128;9.708;2667.758000;33.449746
22.152;9.726;2670.230000;23.379866
22.176;9.728;2672.703000;23.232860
22.200;9.746;2676.125000;29.812214
22.224;9.752;2678.786000;20.762825
22.248;9.763;2682.206000;15.774893
22.272;9.766;2684.676000;15.500539
22.296;9.776;2687.151000;49.743432
22.320;9.807;2690.761000;36.912069
22.344;9.806;2693.234000;9.722879
22.368;9.815;2695.706000;28.552410
22.392;9.830;2699.317000;36.196699
22.416;9.845;2702.929000;31.403634
22.440;9.856;2706.731000;11.853605
22.464;9.855;2709.201000;4.746057
22.488;9.860;2711.673000;10.945931
22.512;9.864;2714.144000;32.374555
22.536;9.887;2717.944000;29.733583
22.560;9.888;2720.415000;12.010867
22.584;9.897;2722.887000;19.509005
22.608;9.905;2725.359000;21.519220
22.632;9.915;2728.780000;18.022710
22.656;9.920;2731.252000;24.358478
22.680;9.935;2734.863000;24.125150
22.704;9.940;2738.474000;21.427769
22.728;9.953;2742.274000;18.785088
22.752;9.955;2744.747000;18.704747
22.776;9.968;2747.789000;18.829531
22.800;9.971;2750.263000;19.898740
22.824;9.985;2753.874000;17.003927
22.848;9.985;2756.345000;15.608229
22.872;9.998;2759.961000;28.441301
22.896;10.008;2763.191000;22.121772
22.920;10.016;2766.611000;13.502289
22.944;10.020;2769.082000;3.166602
22.968;10.019;2771.552000;20.523514
22.992;10.037;2775.162000;35.291589
23.016;10.048;2778.965000;25.411448
23.040;10.058;2782.765000;13.864675
23.064;10.059;2785.235000;14.035612
23.088;10.069;2788.846000;21.099570
23.112;10.077;2791.316000;17.415030
23.136;10.084;2793.786000;19.488492
23.160;10.093;2797.208000;29.213080
23.184;10.108;2800.818000;10.307482
23.208;10.102;2803.288000;10.960461
23.232;10.117;2806.518000;11.566431
23.256;10.111;2808.989000;21.795283
23.280;10.135;2812.790000;28.501984
23.304;10.135;2816.214000;9.435705
23.328;10.127;2818.684000;4.722981
23.352;10.139;2822.298000;15.764636
23.376;10.140;2824.768000;28.956675
23.400;10.163;2828.568000;30.725870
23.424;10.166;2831.608000;5.118699
23.448;10.167;2834.078000;8.376753
23.472;10.173;2836.548000;23.403797
23.496;10.186;2839.019000;49.749415
23.520;10.214;2842.441000;25.850756
23.544;10.208;2844.911000;6.510124
23.568;10.209;2847.381000;24.960176
23.592;10.228;2850.611000;18.926110
23.616;10.224;2853.081000;0.958100
23.640;10.228;2855.551000;23.514051
23.664;10.244;2858.022000;19.712419
23.688;10.244;2860.492000;6.510124
23.712;10.249;2862.963000;27.461834
23.736;10.267;2866.763000;21.444863
23.760;10.267;2869.233000;15.051830
23.784;10.279;2871.703000;13.755276
23.808;10.278;2874.173000;10.293808
23.832;10.288;2877.784000;19.151747
23.856;10.294;2881.585000;2.989683
23.880;10.285;2884.055000;15.034737
23.904;10.307;2886.905000;15.015934
23.928;10.298;2889.376000;2.735842
23.952;10.305;2891.848000;14.102277
23.976;10.309;2894.319000;35.615514
24.000;10.334;2897.930000;25.773834
24.024;10.331;2900.400000;11.239087
24.048;10.325;2902.871000;24.658472
24.072;10.351;2906.482000;21.948271
24.096;10.343;2908.955000;9.600659
24.120;10.359;2912.565000;12.184367
24.144;10.353;2915.035000;3.242669
24.168;10.362;2918.456000;11.247634
24.192;10.362;2920.929000;3.549500
24.216;10.365;2924.351000;3.479416
24.240;10.365;2926.821000;13.032213
24.264;10.376;2929.292000;18.334669
24.288;10.380;2932.523000;12.684357
24.312;10.386;2934.993000;3.111902
24.336;10.383;2937.463000;2.352089
24.360;10.384;2939.934000;32.429254
24.384;10.410;2943.734000;42.203414
24.408;10.419;2946.970000;2.135854
24.432;10.408;2949.440000;33.063429
24.456;10.447;2953.245000;25.094361
24.480;10.429;2955.717000;19.719257
24.504;10.430;2958.187000;4.852038
24.528;10.433;2960.657000;1.979447
24.552;10.429;2963.131000;8.541706
24.576;10.440;2966.552000;30.631000
24.600;10.454;2970.542000;25.060174
24.624;10.461;2974.342000;0.135895
24.648;10.454;2976.813000;5.709285
24.672;10.466;2980.234000;22.789280
24.696;10.473;2983.846000;1.182027
24.720;10.465;2986.316000;1.887996
24.744;10.475;2990.117000;10.679270
24.768;10.473;2993.158000;2.846096
24.792;10.477;2995.630000;4.181966
24.816;10.477;2998.101000;20.276510
24.840;10.494;3001.523000;8.593842
24.864;10.484;3003.994000;22.658513
24.888;10.513;3007.225000;18.616715
24.912;10.499;3009.695000;6.943448
24.936;10.518;3013.686000;21.217517
24.960;10.517;3016.156000;0.260678
24.984;10.519;3018.627000;9.857064
25.008;10.525;3021.099000;3.766590
25.032;10.522;3023.570000;24.126005
25.056;10.545;3027.561000;35.619788
25.080;10.551;3030.033000;19.512423
25.104;10.561;3032.503000;6.632344
25.128;10.546;3035.359000;1.680308
25.152;10.560;3039.351000;14.994567
25.176;10.558;3041.826000;14.740726
25.200;10.572;3045.058000;3.442665
25.224;10.561;3047.531000;6.036629
25.248;10.567;3050.761000;14.040740
25.272;10.573;3054.373000;29.455811
25.296;10.592;3058.558000;7.690442
25.320;10.579;3061.028000;9.130583
25.344;10.584;3063.505000;14.811664
25.368;10.591;3065.976000;26.966972
25.392;10.606;3069.587000;24.613174
25.416;10.612;3072.822000;26.128528
25.440;10.628;3076.622000;2.386276
25.464;10.614;3079.092000;14.310820
25.488;10.616;3081.563000;4.622128
25.512;10.617;3084.794000;14.874911
25.536;10.629;3088.404000;13.386907
25.560;10.629;3090.875000;16.990252
25.584;10.643;3093.345000;7.512668
25.608;10.635;3095.815000;4.358886
25.632;10.639;3098.286000;44.793105
25.656;10.672;3102.658000;27.903705
25.680;10.662;3105.128000;8.842555
25.704;10.665;3107.598000;0.959810
25.728;10.663;3110.068000;4.237521
25.752;10.668;3113.489000;34.606988
25.776;10.692;3117.480000;18.396207
25.800;10.683;3119.950000;7.969923
25.824;10.685;3122.421000;8.445127
25.848;10.690;3125.652000;4.228119
25.872;10.689;3128.122000;3.738385
25.896;10.693;3131.734000;0.539305
25.920;10.689;3134.207000;15.944975
25.944;10.707;3138.197000;29.401111
25.968;10.713;3141.619000;2.747807
25.992;10.704;3144.659000;2.158076
26.016;10.715;3148.269000;9.269897
26.040;10.712;3151.310000;8.663071
26.064;10.708;3153.783000;3.609328
26.088;10.715;3156.254000;30.128446
26.112;10.733;3160.057000;8.456238
26.136;10.722;3162.527000;1.105106
26.160;10.734;3165.949000;31.919863
26.184;10.749;3169.369000;2.546102
26.208;10.736;3171.839000;7.784457
26.232;10.742;3174.309000;28.992572
26.256;10.760;3178.301000;10.613459
26.280;10.751;3180.771000;0.989723
26.304;10.759;3183.243000;17.715024
26.328;10.766;3186.283000;22.790989
26.352;10.778;3190.087000;20.076514
26.376;10.782;3192.557000;18.805600
26.400;10.794;3195.027000;14.168942
26.424;10.794;3197.497000;21.131194
26.448;10.776;3199.968000;14.930465
26.472;10.806;3203.579000;35.636881
26.496;10.806;3206.049000;5.278525
26.520;10.802;3208.521000;9.163061
26.544;10.813;3212.323000;13.712541
26.568;10.813;3214.795000;12.676665
26.592;10.824;3217.266000;16.665473
26.616;10.827;3219.736000;0.569219
26.640;10.824;3222.208000;7.560530
26.664;10.833;3225.058000;10.981828
26.688;10.833;3227.530000;19.185934
26.712;10.849;3230.951000;4.273417
26.736;10.837;3233.422000;9.279298
26.760;10.842;3236.463000;16.976577
26.784;10.851;3240.453000;9.874158
26.808;10.850;3242.923000;14.771494
26.832;10.863;3246.343000;6.675078
26.856;10.855;3248.815000;2.864044
26.880;10.861;3251.285000;11.164730
26.904;10.865;3254.896000;3.457195
26.928;10.864;3257.366000;2.955495
26.952;10.867;3259.836000;12.574103
26.976;10.874;3262.306000;27.890030
27.000;10.890;3265.916000;18.590220
27.024;10.890;3268.389000;6.635762
27.048;10.885;3270.859000;11.364726
27.072;10.899;3274.660000;20.271382
27.096;10.902;3277.130000;1.870047
27.120;10.897;3279.600000;13.824505
27.144;10.913;3283.211000;27.251582
27.168;10.920;3287.011000;5.688773
27.192;10.918;3289.481000;1.639283
27.216;10.921;3292.902000;2.183716
27.240;10.916;3295.372000;2.971734
27.264;10.924;3298.602000;9.200667
27.288;10.924;3301.072000;4.718707
27.312;10.920;3303.543000;29.430170
27.336;10.948;3307.153000;30.113917
27.360;10.945;3309.623000;2.648664
27.384;10.946;3312.093000;8.398974
27.408;10.952;3314.563000;2.097393
27.432;10.947;3317.033000;17.926131
27.456;10.967;3320.073000;32.423272
27.480;10.974;3323.683000;5.558861
27.504;10.971;3326.156000;9.988686
27.528;10.966;3328.628000;5.000753
27.552;10.976;3332.239000;13.065546
27.576;10.977;3334.710000;4.191368
27.600;10.979;3337.180000;21.842290
27.624;10.995;3340.792000;10.080137
27.648;10.987;3343.262000;11.486946
27.672;10.985;3345.733000;20.114975
27.696000;11.004055;3349.153000;
