"Name"	"Time"	"Stream"	"key"	"value"	"std_p"	"Mw"	"Concentration"	"start_vol"	"Recovery"	"plot"
"ID:6A"	0	"CT vand"	"Cl"	64.1225	0.0707851133133681	35.45	1.80881523272214	10	0	"Ca, Cl, Mg, SiO2, SO4"
"ID:6A"	0	"Feed"	"Cl"	62.7325	0.000417055767009151	35.45	1.76960507757405	10	0	"Ca, Cl, Mg, SiO2, SO4"
"ID:6A"	2	"Perm spand"	"Cl"	77.7315	0.000882388192368486	35.45	2.19270803949224	10	20.4	"Ca, Cl, Mg, SiO2, SO4"
"ID:6A"	4	"Perm spand"	"Cl"	64.4965	1.09634907505047e-05	35.45	1.81936530324401	10	40.8	"Ca, Cl, Mg, SiO2, SO4"
"ID:6A"	1.5	"Feed"	"Cl"	58.958	0.00146319460132228	35.45	1.66313117066291	10	15.3	"Ca, Cl, Mg, SiO2, SO4"
"ID:6A"	1.5	"Permeate"	"Cl"	79.6025	0.00075505262272984	35.45	2.24548660084626	10	15.3	"Ca, Cl, Mg, SiO2, SO4"
"ID:6A"	7	"Feed"	"Cl"	40.5	0.000698377067838427	35.45	1.14245416078984	10	71.4	"Ca, Cl, Mg, SiO2, SO4"
"ID:6A"	7	"Permeate"	"Cl"	64.461	0.00010969528570545	35.45	1.81836389280677	10	71.4	"Ca, Cl, Mg, SiO2, SO4"
"ID:7A"	0	"Feed"	"Cl"	45.1465	0.000140962445165831	35.45	1.27352609308886	10	0	"Ca, Cl, Mg, SiO2, SO4"
"ID:7A"	2	"Perm spand"	"Cl"	65.798	0.00116063607356075	35.45	1.85607898448519	10	20.4	"Ca, Cl, Mg, SiO2, SO4"
"ID:7A"	4	"Perm spand"	"Cl"	55.2005	0.000166527262532473	35.45	1.55713681241185	10	40.8	"Ca, Cl, Mg, SiO2, SO4"
"ID:7A"	1.5	"Feed"	"Cl"	49.0685	0.00171486201863108	35.45	1.38416078984485	10	15.3	"Ca, Cl, Mg, SiO2, SO4"
"ID:7A"	1.5	"Permeate"	"Cl"	65.464	0.0035644818188861	35.45	1.84665726375176	10	15.3	"Ca, Cl, Mg, SiO2, SO4"
"ID:7A"	7	"Feed"	"Cl"	36.46	0.00252122549517973	35.45	1.02849083215797	10	71.4	"Ca, Cl, Mg, SiO2, SO4"
"ID:7A"	7	"Permeate"	"Cl"	55.8465	0.00102559066863837	35.45	1.57535966149506	10	71.4	"Ca, Cl, Mg, SiO2, SO4"
"ID:6B"	0	"Feed"	"Cl"	88.9075	0.00115322648001627	35.45	2.50796897038082	8.5	0	"Ca, Cl, Mg, SiO2, SO4"
"ID:6B"	2	"Perm spand"	"Cl"	79.6335	0.0030989503994438	35.45	2.2463610719323	8.5	24	"Ca, Cl, Mg, SiO2, SO4"
"ID:6B"	4	"Perm spand"	"Cl"	84.7995	0.000708778664978592	35.45	2.3920874471086	8.5	48	"Ca, Cl, Mg, SiO2, SO4"
"ID:6B"	1.5	"Feed"	"Cl"	73.0705	0.000648362257538867	35.45	2.06122708039492	8.5	18	"Ca, Cl, Mg, SiO2, SO4"
"ID:6B"	1.5	"Permeate"	"Cl"	78.6165	0.00026083705907039	35.45	2.21767277856135	8.5	18	"Ca, Cl, Mg, SiO2, SO4"
"ID:6B"	6.5	"Feed"	"Cl"	72.125	0.131254704839175	35.45	2.0345557122708	8.5	78	"Ca, Cl, Mg, SiO2, SO4"
"ID:6B"	6.5	"Permeate"	"Cl"	76.2825	0.00190026402049266	35.45	2.15183356840621	8.5	78	"Ca, Cl, Mg, SiO2, SO4"
"ID:7B"	0	"Feed"	"Cl"	57.2065	0.0137820712860077	35.45	1.61372355430183	8.45	0	"Ca, Cl, Mg, SiO2, SO4"
"ID:7B"	2	"Perm spand"	"Cl"	54.6055	0.00107479764563061	35.45	1.54035260930889	8.45	24.1420118343195	"Ca, Cl, Mg, SiO2, SO4"
"ID:7B"	4	"Perm spand"	"Cl"	54.872	0.00015463772733341	35.45	1.54787023977433	8.45	48.2840236686391	"Ca, Cl, Mg, SiO2, SO4"
"ID:7B"	1.5	"Feed"	"Cl"	49.9225	0.000325774069152944	35.45	1.40825105782793	8.45	18.1065088757396	"Ca, Cl, Mg, SiO2, SO4"
"ID:7B"	1.5	"Permeate"	"Cl"	56.2485	0.000590842755198195	35.45	1.58669957686883	8.45	18.1065088757396	"Ca, Cl, Mg, SiO2, SO4"
"ID:7B"	6.5	"Feed"	"Cl"	47.468	0.00110234056222736	35.45	1.33901269393512	8.45	78.4615384615385	"Ca, Cl, Mg, SiO2, SO4"
"ID:7B"	6.5	"Permeate"	"Cl"	54.8615	0.000708891899879878	35.45	1.54757404795487	8.45	78.4615384615385	"Ca, Cl, Mg, SiO2, SO4"
"ID:6A"	0	"CT vand"	"SO4"	75.6595	0.0645334997468013	96.06	0.787627524463877	10	0	"Ca, Cl, Mg, SiO2, SO4"
"ID:6A"	0	"Feed"	"SO4"	71.3785	8.91579541553713e-05	96.06	0.743061628149074	10	0	"Ca, Cl, Mg, SiO2, SO4"
"ID:6A"	2	"Perm spand"	"SO4"	16.66325	0.000572873931917168	96.06	0.1734671038934	10	20.4	"Ca, Cl, Mg, SiO2, SO4"
"ID:6A"	4	"Perm spand"	"SO4"	24.30325	0.00184754222605389	96.06	0.253000728711222	10	40.8	"Ca, Cl, Mg, SiO2, SO4"
"ID:6A"	1.5	"Feed"	"SO4"	82.651	0.000102663989234721	96.06	0.860410160316469	10	15.3	"Ca, Cl, Mg, SiO2, SO4"
"ID:6A"	1.5	"Permeate"	"SO4"	13.401	0.00353527007980729	96.06	0.139506558400999	10	15.3	"Ca, Cl, Mg, SiO2, SO4"
"ID:6A"	7	"Feed"	"SO4"	200.09	0.00406403517599357	96.06	2.08296897772226	10	71.4	"Ca, Cl, Mg, SiO2, SO4"
"ID:6A"	7	"Permeate"	"SO4"	22.17325	0.0572267538064675	96.06	0.230827087237143	10	71.4	"Ca, Cl, Mg, SiO2, SO4"
"ID:7A"	0	"Feed"	"SO4"	161.0725	0.00129504726412034	96.06	1.67679054757443	10	0	"Ca, Cl, Mg, SiO2, SO4"
"ID:7A"	2	"Perm spand"	"SO4"	14.46225	0.00652725234928193	96.06	0.150554341036852	10	20.4	"Ca, Cl, Mg, SiO2, SO4"
"ID:7A"	4	"Perm spand"	"SO4"	32.335	0.012683529707382	96.06	0.336612533833021	10	40.8	"Ca, Cl, Mg, SiO2, SO4"
"ID:7A"	1.5	"Feed"	"SO4"	145.69	0.00111630557809677	96.06	1.51665625650635	10	15.3	"Ca, Cl, Mg, SiO2, SO4"
"ID:7A"	1.5	"Permeate"	"SO4"	12.6805	0	96.06	0.132006037892984	10	15.3	"Ca, Cl, Mg, SiO2, SO4"
"ID:7A"	7	"Feed"	"SO4"	317.895	0.00751827150603365	96.06	3.30933791380387	10	71.4	"Ca, Cl, Mg, SiO2, SO4"
"ID:7A"	7	"Permeate"	"SO4"	20.08825	0.00209440112904805	96.06	0.209121902977306	10	71.4	"Ca, Cl, Mg, SiO2, SO4"
"ID:6B"	0	"Feed"	"SO4"	17.3475	0.00362775636406409	96.06	0.180590256089944	8.5	0	"Ca, Cl, Mg, SiO2, SO4"
"ID:6B"	2	"Perm spand"	"SO4"	12.96075	0.247063870424418	96.06	0.134923485321674	8.5	24	"Ca, Cl, Mg, SiO2, SO4"
"ID:6B"	4	"Perm spand"	"SO4"	12.998	0.249375095011474	96.06	0.135311263793462	8.5	48	"Ca, Cl, Mg, SiO2, SO4"
"ID:6B"	1.5	"Feed"	"SO4"	20.627	0.000822735383161768	96.06	0.214730376847803	8.5	18	"Ca, Cl, Mg, SiO2, SO4"
"ID:6B"	1.5	"Permeate"	"SO4"	9.414	0.00105157158876274	96.06	0.098001249219238	8.5	18	"Ca, Cl, Mg, SiO2, SO4"
"ID:6B"	6.5	"Feed"	"SO4"	41.241	0.135759838351036	96.06	0.429325421611493	8.5	78	"Ca, Cl, Mg, SiO2, SO4"
"ID:6B"	6.5	"Permeate"	"SO4"	16.045	0.0343747765238708	96.06	0.167031022277743	8.5	78	"Ca, Cl, Mg, SiO2, SO4"
"ID:7B"	0	"Feed"	"SO4"	16.26775	0.010584161990375	96.06	0.169349885488237	8.45	0	"Ca, Cl, Mg, SiO2, SO4"
"ID:7B"	2	"Perm spand"	"SO4"	2.0069	0.0966110316415125	96.06	0.0208921507391214	8.45	24.1420118343195	"Ca, Cl, Mg, SiO2, SO4"
"ID:7B"	4	"Perm spand"	"SO4"	13.9215	0.0761886414380506	96.06	0.144925046845721	8.45	48.2840236686391	"Ca, Cl, Mg, SiO2, SO4"
"ID:7B"	1.5	"Feed"	"SO4"	20.8765	0.00138870874086395	96.06	0.217327711846762	8.45	18.1065088757396	"Ca, Cl, Mg, SiO2, SO4"
"ID:7B"	1.5	"Permeate"	"SO4"	8.35	0.00406480544873704	96.06	0.0869248386425151	8.45	18.1065088757396	"Ca, Cl, Mg, SiO2, SO4"
"ID:7B"	6.5	"Feed"	"SO4"	42.9435	0.00024698968919158	96.06	0.447048719550281	8.45	78.4615384615385	"Ca, Cl, Mg, SiO2, SO4"
"ID:7B"	6.5	"Permeate"	"SO4"	13.3075	0.00345383736818535	96.06	0.13853320841141	8.45	78.4615384615385	"Ca, Cl, Mg, SiO2, SO4"
"ID:6A"	0	"CT vand"	"Ca"	18.354	0.0092462475473886	40.078	0.457956983881431	10	0	"Ca, Cl, Mg, SiO2, SO4"
"ID:6A"	0	"Feed"	"Ca"	17.368	0.0059441265576482	40.078	0.433354957832227	10	0	"Ca, Cl, Mg, SiO2, SO4"
"ID:6A"	2	"Perm spand"	"Ca"	4.0755	0.0244637605563252	40.078	0.101689206048206	10	20.4	"Ca, Cl, Mg, SiO2, SO4"
"ID:6A"	4	"Perm spand"	"Ca"	4.668	0.0278722467305752	40.078	0.116472877888118	10	40.8	"Ca, Cl, Mg, SiO2, SO4"
"ID:6A"	1.5	"Feed"	"Ca"	19.723	0.000788741529488692	40.078	0.492115375018713	10	15.3	"Ca, Cl, Mg, SiO2, SO4"
"ID:6A"	1.5	"Permeate"	"Ca"	3.7025	0.0334216574497355	40.078	0.0923823544089026	10	15.3	"Ca, Cl, Mg, SiO2, SO4"
"ID:6A"	7	"Feed"	"Ca"	27.0725	0.0293838813864574	40.078	0.675495284195818	10	71.4	"Ca, Cl, Mg, SiO2, SO4"
"ID:6A"	7	"Permeate"	"Ca"	4.0315	0.0608622232597624	40.078	0.100591346873596	10	71.4	"Ca, Cl, Mg, SiO2, SO4"
"ID:7A"	0	"Feed"	"Ca"	17.779	0.00159088088460888	40.078	0.443609960576875	10	0	"Ca, Cl, Mg, SiO2, SO4"
"ID:7A"	2	"Perm spand"	"Ca"	4.327	0.0349713083369359	40.078	0.107964469284894	10	20.4	"Ca, Cl, Mg, SiO2, SO4"
"ID:7A"	4	"Perm spand"	"Ca"	4.658	0.0188237958065976	40.078	0.116223364439343	10	40.8	"Ca, Cl, Mg, SiO2, SO4"
"ID:7A"	1.5	"Feed"	"Ca"	19.2755	0.0341530135812133	40.078	0.480949648186037	10	15.3	"Ca, Cl, Mg, SiO2, SO4"
"ID:7A"	1.5	"Permeate"	"Ca"	3.3085	0.00833524692950737	40.078	0.082551524527172	10	15.3	"Ca, Cl, Mg, SiO2, SO4"
"ID:7A"	7	"Feed"	"Ca"	32.0225	0.013138528684706	40.078	0.799004441339388	10	71.4	"Ca, Cl, Mg, SiO2, SO4"
"ID:7A"	7	"Permeate"	"Ca"	4.3795	0.0056510417494073	40.078	0.109274414890963	10	71.4	"Ca, Cl, Mg, SiO2, SO4"
"ID:6B"	0	"Feed"	"Ca"	4.081	0.0353466756584307	40.078	0.101826438445032	8.5	0	"Ca, Cl, Mg, SiO2, SO4"
"ID:6B"	2	"Perm spand"	"Ca"	8.571	0.0252449743370767	40.078	0.213857976944957	8.5	24	"Ca, Cl, Mg, SiO2, SO4"
"ID:6B"	4	"Perm spand"	"Ca"	13.5555	0.00860703175063847	40.078	0.338227955486801	8.5	48	"Ca, Cl, Mg, SiO2, SO4"
"ID:6B"	1.5	"Feed"	"Ca"	19.743	0.00780779406871637	40.078	0.492614401916263	8.5	18	"Ca, Cl, Mg, SiO2, SO4"
"ID:6B"	1.5	"Permeate"	"Ca"	7.483	0.00718162707071727	40.078	0.186710913718249	8.5	18	"Ca, Cl, Mg, SiO2, SO4"
"ID:6B"	6.5	"Feed"	"Ca"	34.4975	0.00194724673419005	40.078	0.860759019911173	8.5	78	"Ca, Cl, Mg, SiO2, SO4"
"ID:6B"	6.5	"Permeate"	"Ca"	12.3575	0.00932700022928646	40.078	0.308336244323569	8.5	78	"Ca, Cl, Mg, SiO2, SO4"
"ID:7B"	0	"Feed"	"Ca"	5.327	0.0703522797125718	40.078	0.132915814162383	8.45	0	"Ca, Cl, Mg, SiO2, SO4"
"ID:7B"	2	"Perm spand"	"Ca"	7.01	0.03611187270539	40.078	0.174908927591197	8.45	24.1420118343195	"Ca, Cl, Mg, SiO2, SO4"
"ID:7B"	4	"Perm spand"	"Ca"	11.6765	0.104947206080271	40.078	0.291344378461999	8.45	48.2840236686391	"Ca, Cl, Mg, SiO2, SO4"
"ID:7B"	1.5	"Feed"	"Ca"	20.5825	0.00202693064933825	40.078	0.513561055940915	8.45	18.1065088757396	"Ca, Cl, Mg, SiO2, SO4"
"ID:7B"	1.5	"Permeate"	"Ca"	6.5915	0.00354009311676488	40.078	0.164466789759968	8.45	18.1065088757396	"Ca, Cl, Mg, SiO2, SO4"
"ID:7B"	6.5	"Feed"	"Ca"	39.364	0.0177836529157271	40.078	0.982184739757473	8.45	78.4615384615385	"Ca, Cl, Mg, SiO2, SO4"
"ID:7B"	6.5	"Permeate"	"Ca"	11.137	0.00444441722933093	40.078	0.277883127900594	8.45	78.4615384615385	"Ca, Cl, Mg, SiO2, SO4"
"ID:6A"	0	"CT vand"	"Na"	334.025	0.00230745121321254	22.99	14.5291431056981	10	0	"Na"
"ID:6A"	0	"Feed"	"Na"	398.17	0.00962533278255795	22.99	17.3192692474989	10	0	"Na"
"ID:6A"	2	"Perm spand"	"Na"	180.88	0.00250192580694052	22.99	7.86776859504132	10	20.4	"Na"
"ID:6A"	4	"Perm spand"	"Na"	262.0075	0.00735423977837794	22.99	11.3965854719443	10	40.8	"Na"
"ID:6A"	1.5	"Feed"	"Na"	438.42	0.0155317693144164	22.99	19.0700304480209	10	15.3	"Na"
"ID:6A"	1.5	"Permeate"	"Na"	159.215	0.0126130280348572	22.99	6.92540234884733	10	15.3	"Na"
"ID:6A"	7	"Feed"	"Na"	797.54	0.0168101218387754	22.99	34.6907351022184	10	71.4	"Na"
"ID:6A"	7	"Permeate"	"Na"	241.545	0.002078477362986	22.99	10.5065245759026	10	71.4	"Na"
"ID:7A"	0	"Feed"	"Na"	266.0275	0.00426612430596228	22.99	11.5714441061331	10	0	"Na"
"ID:7A"	2	"Perm spand"	"Na"	154.515	0.00324917201981979	22.99	6.72096563723358	10	20.4	"Na"
"ID:7A"	4	"Perm spand"	"Na"	211.9	0.00273632638307203	22.99	9.21705089169204	10	40.8	"Na"
"ID:7A"	1.5	"Feed"	"Na"	348.995	0.000871232871273859	22.99	15.1802957807743	10	15.3	"Na"
"ID:7A"	1.5	"Permeate"	"Na"	139.3825	0.00200388986112814	22.99	6.06274467159635	10	15.3	"Na"
"ID:7A"	7	"Feed"	"Na"	577.73	0.000342703163644287	22.99	25.1296215745977	10	71.4	"Na"
"ID:7A"	7	"Permeate"	"Na"	208.5825	0.00778018320244085	22.99	9.07274902131361	10	71.4	"Na"
"ID:6B"	0	"Feed"	"Na"	205.005	0.00910593352519439	22.99	8.91713788603741	8.5	0	"Na"
"ID:6B"	2	"Perm spand"	"Na"	126.135	0.0183875232274299	22.99	5.48651587646803	8.5	24	"Na"
"ID:6B"	4	"Perm spand"	"Na"	177.61	0.0127399453848147	22.99	7.72553284036538	8.5	48	"Na"
"ID:6B"	1.5	"Feed"	"Na"	190.8675	0.00531624415368094	22.99	8.30219660722053	8.5	18	"Na"
"ID:6B"	1.5	"Permeate"	"Na"	113.7	0.000932858550377978	22.99	4.94562853414528	8.5	18	"Na"
"ID:6B"	6.5	"Feed"	"Na"	267.7325	0.004080490702224	22.99	11.6456067855589	8.5	78	"Na"
"ID:6B"	6.5	"Permeate"	"Na"	160.3175	0.00407986509643404	22.99	6.97335798173119	8.5	78	"Na"
"ID:7B"	0	"Feed"	"Na"	170.2725	0.00446425459058586	22.99	7.40637233579817	8.45	0	"Na"
"ID:7B"	2	"Perm spand"	"Na"	94.311	0.00125959791794525	22.99	4.10226185297956	8.45	24.1420118343195	"Na"
"ID:7B"	4	"Perm spand"	"Na"	130.5875	0.00203055455495339	22.99	5.68018703784254	8.45	48.2840236686391	"Na"
"ID:7B"	1.5	"Feed"	"Na"	154.0525	0.00475068900879943	22.99	6.70084819486733	8.45	18.1065088757396	"Na"
"ID:7B"	1.5	"Permeate"	"Na"	88.88	1.59114937260328e-05	22.99	3.86602870813397	8.45	18.1065088757396	"Na"
"ID:7B"	6.5	"Feed"	"Na"	242.1325	0.000423447836502975	22.99	10.5320791648543	8.45	78.4615384615385	"Na"
"ID:7B"	6.5	"Permeate"	"Na"	131.99	0.00439296583508587	22.99	5.74119182253154	8.45	78.4615384615385	"Na"
"ID:6A"	0	"CT vand"	"Mg"	5.704	0.0151239528935412	24.305	0.234684221353631	10	0	"Ca, Cl, Mg, SiO2, SO4"
"ID:6A"	0	"Feed"	"Mg"	5.7065	0.0159847147591456	24.305	0.234787080847562	10	0	"Ca, Cl, Mg, SiO2, SO4"
"ID:6A"	2	"Perm spand"	"Mg"	1.176	0.0793691285005308	24.305	0.0483851059452788	10	20.4	"Ca, Cl, Mg, SiO2, SO4"
"ID:6A"	4	"Perm spand"	"Mg"	1.4825	0.0481738852612757	24.305	0.0609956799012549	10	40.8	"Ca, Cl, Mg, SiO2, SO4"
"ID:6A"	1.5	"Feed"	"Mg"	6.387	0.0104067695994263	24.305	0.262785435095659	10	15.3	"Ca, Cl, Mg, SiO2, SO4"
"ID:6A"	1.5	"Permeate"	"Mg"	0.933	0.0894304396355976	24.305	0.0383871631351574	10	15.3	"Ca, Cl, Mg, SiO2, SO4"
"ID:6A"	7	"Feed"	"Mg"	20.1175	0.0121263496711499	24.305	0.827710347665089	10	71.4	"Ca, Cl, Mg, SiO2, SO4"
"ID:6A"	7	"Permeate"	"Mg"	1.504	0.0883883476483185	24.305	0.061880271549064	10	71.4	"Ca, Cl, Mg, SiO2, SO4"
"ID:7A"	0	"Feed"	"Mg"	31.738	0.00124765201797356	24.305	1.30582184735651	10	0	"Ca, Cl, Mg, SiO2, SO4"
"ID:7A"	2	"Perm spand"	"Mg"	3.282	0.00215449963798456	24.305	0.135033943632997	10	20.4	"Ca, Cl, Mg, SiO2, SO4"
"ID:7A"	4	"Perm spand"	"Mg"	4.238	0.00266958671519225	24.305	0.174367414112323	10	40.8	"Ca, Cl, Mg, SiO2, SO4"
"ID:7A"	1.5	"Feed"	"Mg"	23.5115	0.0396688362879891	24.305	0.967352396626209	10	15.3	"Ca, Cl, Mg, SiO2, SO4"
"ID:7A"	1.5	"Permeate"	"Mg"	2.775	0.0132502892330452	24.305	0.114174038263732	10	15.3	"Ca, Cl, Mg, SiO2, SO4"
"ID:7A"	7	"Feed"	"Mg"	56.9175	0.0030437240109053	24.305	2.34180209833368	10	71.4	"Ca, Cl, Mg, SiO2, SO4"
"ID:7A"	7	"Permeate"	"Mg"	4.2365	0.0225326131146428	24.305	0.174305698415964	10	71.4	"Ca, Cl, Mg, SiO2, SO4"
"ID:6B"	0	"Feed"	"Mg"	1.163	0.238336937424872	24.305	0.047850236576836	8.5	0	"Ca, Cl, Mg, SiO2, SO4"
"ID:6B"	2	"Perm spand"	"Mg"	0.369	0.199292968139298	24.305	0.0151820613042584	8.5	24	"Ca, Cl, Mg, SiO2, SO4"
"ID:6B"	4	"Perm spand"	"Mg"	0.586	0.0748133454497712	24.305	0.0241102653774943	8.5	48	"Ca, Cl, Mg, SiO2, SO4"
"ID:6B"	1.5	"Feed"	"Mg"	1.0365	0.0102330937943061	24.305	0.0426455461839128	8.5	18	"Ca, Cl, Mg, SiO2, SO4"
"ID:6B"	1.5	"Permeate"	"Mg"	0.2855	0.156034070804737	24.305	0.0117465542069533	8.5	18	"Ca, Cl, Mg, SiO2, SO4"
"ID:6B"	6.5	"Feed"	"Mg"	2.1075	0.0251639423909804	24.305	0.0867105533840773	8.5	78	"Ca, Cl, Mg, SiO2, SO4"
"ID:6B"	6.5	"Permeate"	"Mg"	0.47	0.0571703355001889	24.305	0.0193375848590825	8.5	78	"Ca, Cl, Mg, SiO2, SO4"
"ID:7B"	0	"Feed"	"Mg"	3.083	0.0720180114474784	24.305	0.126846327916067	8.45	0	"Ca, Cl, Mg, SiO2, SO4"
"ID:7B"	2	"Perm spand"	"Mg"	0.9935	0.151599138794902	24.305	0.0408763628882946	8.45	24.1420118343195	"Ca, Cl, Mg, SiO2, SO4"
"ID:7B"	4	"Perm spand"	"Mg"	1.459	0.0562195932951607	24.305	0.0600288006583008	8.45	48.2840236686391	"Ca, Cl, Mg, SiO2, SO4"
"ID:7B"	1.5	"Feed"	"Mg"	2.98	0.0113896394285082	24.305	0.122608516766098	8.45	18.1065088757396	"Ca, Cl, Mg, SiO2, SO4"
"ID:7B"	1.5	"Permeate"	"Mg"	0.83	0.0681548704758118	24.305	0.0341493519851882	8.45	18.1065088757396	"Ca, Cl, Mg, SiO2, SO4"
"ID:7B"	6.5	"Feed"	"Mg"	6.2695	0.00575204495422506	24.305	0.257951038880889	8.45	78.4615384615385	"Ca, Cl, Mg, SiO2, SO4"
"ID:7B"	6.5	"Permeate"	"Mg"	1.4495	0.0434166978445	24.305	0.0596379345813619	8.45	78.4615384615385	"Ca, Cl, Mg, SiO2, SO4"
"ID:6A"	0	"Feed"	"SiO2"	65.4	0.0305810397553517	60.08	1.08854860186418	10	0	"Ca, Cl, Mg, SiO2, SO4"
"ID:6A"	1.5	"Feed"	"SiO2"	69.6	0.028735632183908	60.08	1.15845539280959	10	15.3	"Ca, Cl, Mg, SiO2, SO4"
"ID:6A"	4	"Feed"	"SiO2"	77.8	0.025706940874036	60.08	1.29494007989348	10	40.8	"Ca, Cl, Mg, SiO2, SO4"
"ID:6A"	7	"Feed"	"SiO2"	101.6	0.0196850393700787	60.08	1.69107856191744	10	71.4	"Ca, Cl, Mg, SiO2, SO4"
"ID:6A"	8.5	"Feed"	"SiO2"	118	0.0169491525423729	60.08	1.96404793608522	10	86.7	"Ca, Cl, Mg, SiO2, SO4"
"ID:6B"	0	"Feed"	"SiO2"	45	0.0444444444444444	60.08	0.749001331557923	8.5	0	"Ca, Cl, Mg, SiO2, SO4"
"ID:6B"	1.5	"Feed"	"SiO2"	44.8	0.0446428571428571	60.08	0.745672436750999	8.5	18	"Ca, Cl, Mg, SiO2, SO4"
"ID:6B"	4	"Feed"	"SiO2"	45	0.0444444444444444	60.08	0.749001331557923	8.5	48	"Ca, Cl, Mg, SiO2, SO4"
"ID:6B"	6.5	"Feed"	"SiO2"	48	0.0416666666666667	60.08	0.798934753661784	8.5	78	"Ca, Cl, Mg, SiO2, SO4"
"ID:6B"	7.25	"Feed"	"SiO2"	48.4	0.0413223140495868	60.08	0.805592543275632	8.5	87	"Ca, Cl, Mg, SiO2, SO4"
"ID:7A"	0	"Feed"	"SiO2"	47.8	0.0418410041841004	60.08	0.79560585885486	10	0	"Ca, Cl, Mg, SiO2, SO4"
"ID:7A"	1.5	"Feed"	"SiO2"	59.4	0.0336700336700337	60.08	0.988681757656458	10	15.3	"Ca, Cl, Mg, SiO2, SO4"
"ID:7A"	4	"Feed"	"SiO2"	65.8	0.0303951367781155	60.08	1.09520639147803	10	40.8	"Ca, Cl, Mg, SiO2, SO4"
"ID:7A"	7	"Feed"	"SiO2"	76.8	0.0260416666666667	60.08	1.27829560585885	10	71.4	"Ca, Cl, Mg, SiO2, SO4"
"ID:7A"	8.5	"Feed"	"SiO2"	93	0.021505376344086	60.08	1.54793608521971	10	86.7	"Ca, Cl, Mg, SiO2, SO4"
"ID:7B"	0	"Feed"	"SiO2"	42.6	0.0469483568075117	60.08	0.709054593874834	8.45	0	"Ca, Cl, Mg, SiO2, SO4"
"ID:7B"	1.5	"Feed"	"SiO2"	41.6	0.0480769230769231	60.08	0.692410119840213	8.45	18.1065088757396	"Ca, Cl, Mg, SiO2, SO4"
"ID:7B"	4	"Feed"	"SiO2"	43.8	0.045662100456621	60.08	0.729027962716378	8.45	48.2840236686391	"Ca, Cl, Mg, SiO2, SO4"
"ID:7B"	6.5	"Feed"	"SiO2"	46.4	0.0431034482758621	60.08	0.772303595206391	8.45	78.4615384615385	"Ca, Cl, Mg, SiO2, SO4"
"ID:7B"	7.25	"Feed"	"SiO2"	48.2	0.04149377593361	60.08	0.802263648468708	8.45	87.5147928994083	"Ca, Cl, Mg, SiO2, SO4"
"ID:6A"	0	"Permeate"	"SiO2"	NA	NA	60.08	NA	10	0	"Ca, Cl, Mg, SiO2, SO4"
"ID:6A"	1.5	"Permeate"	"SiO2"	41.8	0.0478468899521531	60.08	0.695739014647137	10	15.3	"Ca, Cl, Mg, SiO2, SO4"
"ID:6A"	4	"Permeate"	"SiO2"	45.2	0.0442477876106195	60.08	0.752330226364847	10	40.8	"Ca, Cl, Mg, SiO2, SO4"
"ID:6A"	7	"Permeate"	"SiO2"	51	0.0392156862745098	60.08	0.848868175765646	10	71.4	"Ca, Cl, Mg, SiO2, SO4"
"ID:6A"	8.5	"Permeate"	"SiO2"	NA	NA	60.08	NA	10	86.7	"Ca, Cl, Mg, SiO2, SO4"
"ID:6B"	0	"Permeate"	"SiO2"	NA	NA	60.08	NA	8.5	0	"Ca, Cl, Mg, SiO2, SO4"
"ID:6B"	1.5	"Permeate"	"SiO2"	44.2	0.0452488687782805	60.08	0.735685752330226	8.5	18	"Ca, Cl, Mg, SiO2, SO4"
"ID:6B"	4	"Permeate"	"SiO2"	41	0.0487804878048781	60.08	0.682423435419441	8.5	48	"Ca, Cl, Mg, SiO2, SO4"
"ID:6B"	6.5	"Permeate"	"SiO2"	41.1	0.048661800486618	60.08	0.684087882822903	8.5	78	"Ca, Cl, Mg, SiO2, SO4"
"ID:6B"	7.25	"Permeate"	"SiO2"	NA	NA	60.08	NA	8.5	87	"Ca, Cl, Mg, SiO2, SO4"
"ID:7A"	0	"Permeate"	"SiO2"	NA	NA	60.08	NA	10	0	"Ca, Cl, Mg, SiO2, SO4"
"ID:7A"	1.5	"Permeate"	"SiO2"	39.8	0.050251256281407	60.08	0.662450066577896	10	15.3	"Ca, Cl, Mg, SiO2, SO4"
"ID:7A"	4	"Permeate"	"SiO2"	43	0.0465116279069767	60.08	0.715712383488682	10	40.8	"Ca, Cl, Mg, SiO2, SO4"
"ID:7A"	7	"Permeate"	"SiO2"	46.2	0.0432900432900433	60.08	0.768974700399467	10	71.4	"Ca, Cl, Mg, SiO2, SO4"
"ID:7A"	8.5	"Permeate"	"SiO2"	NA	NA	60.08	NA	10	86.7	"Ca, Cl, Mg, SiO2, SO4"
"ID:7B"	0	"Permeate"	"SiO2"	NA	NA	60.08	NA	8.45	0	"Ca, Cl, Mg, SiO2, SO4"
"ID:7B"	1.5	"Permeate"	"SiO2"	35	0.0571428571428571	60.08	0.582556591211718	8.45	18.1065088757396	"Ca, Cl, Mg, SiO2, SO4"
"ID:7B"	4	"Permeate"	"SiO2"	37.4	0.053475935828877	60.08	0.622503328894807	8.45	48.2840236686391	"Ca, Cl, Mg, SiO2, SO4"
"ID:7B"	6.5	"Permeate"	"SiO2"	39.6	0.0505050505050505	60.08	0.659121171770972	8.45	78.4615384615385	"Ca, Cl, Mg, SiO2, SO4"
"ID:7B"	7.25	"Permeate"	"SiO2"	NA	NA	60.08	NA	8.45	87.5147928994083	"Ca, Cl, Mg, SiO2, SO4"
"ID:6A"	2.09580838323353	"Perm spand"	"SiO2"	41.4	0.0483091787439614	60.08	0.689081225033289	10	21.377245508982	"Ca, Cl, Mg, SiO2, SO4"
"ID:6A"	4.19161676646707	"Perm spand"	"SiO2"	43	0.0465116279069767	60.08	0.715712383488682	10	42.7544910179641	"Ca, Cl, Mg, SiO2, SO4"
"ID:6A"	6.1764	"Perm spand"	"SiO2"	47.2	0.0423728813559322	60.08	0.785619174434088	10	36.6467065868263	"Ca, Cl, Mg, SiO2, SO4"
"ID:6A"	8.78243512974052	"Perm spand"	"SiO2"	49.6	0.0403225806451613	60.08	0.825565912117177	10	89.5808383233533	"Ca, Cl, Mg, SiO2, SO4"
"ID:6B"	2.09580838323353	"Perm spand"	"SiO2"	38.4	0.0520833333333333	60.08	0.639147802929427	8.5	25.1497005988024	"Ca, Cl, Mg, SiO2, SO4"
"ID:6B"	4.19161676646707	"Perm spand"	"SiO2"	40.3	0.0496277915632754	60.08	0.670772303595206	8.5	50.2994011976048	"Ca, Cl, Mg, SiO2, SO4"
"ID:6B"	6.1764	"Perm spand"	"SiO2"	41.3	0.0484261501210654	60.08	0.687416777629827	8.5	43.1137724550898	"Ca, Cl, Mg, SiO2, SO4"
"ID:6B"	8.78243512974052	"Perm spand"	"SiO2"	46.5	0.043010752688172	60.08	0.773968042609854	8.5	105.389221556886	"Ca, Cl, Mg, SiO2, SO4"
"ID:7A"	2.09580838323353	"Perm spand"	"SiO2"	37.2	0.053763440860215	60.08	0.619174434087883	10	21.377245508982	"Ca, Cl, Mg, SiO2, SO4"
"ID:7A"	4.19161676646707	"Perm spand"	"SiO2"	39.5	0.0506329113924051	60.08	0.65745672436751	10	42.7544910179641	"Ca, Cl, Mg, SiO2, SO4"
"ID:7A"	6.1764	"Perm spand"	"SiO2"	41.3	0.0484261501210654	60.08	0.687416777629827	10	36.6467065868263	"Ca, Cl, Mg, SiO2, SO4"
"ID:7A"	8.78243512974052	"Perm spand"	"SiO2"	46.3	0.0431965442764579	60.08	0.770639147802929	10	89.5808383233533	"Ca, Cl, Mg, SiO2, SO4"
"ID:7B"	2.09580838323353	"Perm spand"	"SiO2"	35.1	0.056980056980057	60.08	0.58422103861518	8.45	25.298515395245	"Ca, Cl, Mg, SiO2, SO4"
"ID:7B"	4.19161676646707	"Perm spand"	"SiO2"	35.6	0.0561797752808989	60.08	0.59254327563249	8.45	50.59703079049	"Ca, Cl, Mg, SiO2, SO4"
"ID:7B"	6.1764	"Perm spand"	"SiO2"	36.7	0.0544959128065395	60.08	0.610852197070573	8.45	43.3688835347057	"Ca, Cl, Mg, SiO2, SO4"
"ID:7B"	8.78243512974052	"Perm spand"	"SiO2"	38.3	0.0522193211488251	60.08	0.637483355525965	8.45	106.01282641817	"Ca, Cl, Mg, SiO2, SO4"
