"Name"	"time"	"Stream"	"avg_mgL"	"std_mgL"	"Std_p"	"ion"	"mw"	"mM"	"Recovery"	"plot"
"ID:4A"	0	"Feed"	586.069863013699	2.42159856570733	0.00413192815145781	"Na"	22.99	25.4923820362635	0	"Na"
"ID:4A"	0.333333333333333	"Feed"	552.115525114155	0.38099817433796	0.000690069662973496	"Na"	22.99	24.0154643372838	3.4	"Na"
"ID:4A"	0.666666666666667	"Feed"	560.604109589041	1.03321538803514	0.00184303926846442	"Na"	22.99	24.3846937620288	6.8	"Na"
"ID:4A"	1	"Feed"	578.088127853881	1.22048567711659	0.00211124501319128	"Na"	22.99	25.1451991237008	10.2	"Na"
"ID:4A"	1.33333333333333	"Feed"	593.371232876712	0.710335579274191	0.00119711832983616	"Na"	22.99	25.8099709820232	13.6	"Na"
"ID:4A"	1.66666666666667	"Feed"	598.94200913242	0.464946924615799	0.000776280370263699	"Na"	22.99	26.0522839988004	17	"Na"
"ID:4A"	2	"Feed"	619.636073059361	0.981554618633487	0.00158408243372147	"Na"	22.99	26.9524172709596	20.4	"Na"
"ID:4A"	2.33333333333333	"Feed"	635.97397260274	0.723250771624603	0.00113723328749553	"Na"	22.99	27.6630697086881	23.8	"Na"
"ID:4A"	2.66666666666667	"Feed"	664.754794520548	1.15590971536429	0.00173885126499612	"Na"	22.99	28.914954089628	27.2	"Na"
"ID:4A"	3	"Feed"	670.019634703196	0.929893849231598	0.00138786059552347	"Na"	22.99	29.1439597522052	30.6	"Na"
"ID:4A"	3.33333333333333	"Feed"	688.83698630137	3.20942529908423	0.00465919421127031	"Na"	22.99	29.9624613441222	34	"Na"
"ID:4A"	3.66666666666667	"Feed"	715.7	1.30443442739435	0.00182259945143824	"Na"	22.99	31.1309264897782	37.4	"Na"
"ID:4A"	4	"Feed"	738.754794520548	1.20757048476618	0.00163460256870467	"Na"	22.99	32.1337448682274	40.8	"Na"
"ID:4A"	4.5	"Feed"	786.818721461187	6.06368280853116	0.00770658176164188	"Na"	22.99	34.2243897982248	45.9	"Na"
"ID:4A"	5	"Feed"	828.937442922374	0.755538752500794	0.000911454487852765	"Na"	22.99	36.0564350988419	51	"Na"
"ID:4A"	6	"Feed"	958.225114155251	8.18177435400316	0.00853846787476033	"Na"	22.99	41.6800832603415	61.2	"Na"
"ID:4A"	8	"Feed"	1321.42602739726	7.99450406492195	0.00604990661540721	"Na"	22.99	57.4782961025342	81.6	"Na"
"ID:4A"	0.333333333333333	"Permeate"	167.073287671233	1.44488714420538	0.00864822356910002	"Na"	22.99	7.26721564468173	3.4	"Na"
"ID:4A"	0.666666666666667	"Permeate"	167.255936073059	0.188884688125158	0.00112931530300157	"Na"	22.99	7.27516033375639	6.8	"Na"
"ID:4A"	1	"Permeate"	172.152054794521	0.1065503368911	0.000618931542921623	"Na"	22.99	7.48812765526405	10.2	"Na"
"ID:4A"	1.33333333333333	"Permeate"	173.424885844749	0.84755949799758	0.00488718498426069	"Na"	22.99	7.5434922072531	13.6	"Na"
"ID:4A"	1.66666666666667	"Permeate"	176.726255707763	0.272833438403038	0.00154381949252747	"Na"	22.99	7.68709246227762	17	"Na"
"ID:4A"	2	"Permeate"	176.028767123288	0.384226972425563	0.00218275102816835	"Na"	22.99	7.65675368087376	20.4	"Na"
"ID:4A"	2.33333333333333	"Permeate"	180.411187214612	0.301892621191505	0.00167335865282225	"Na"	22.99	7.84737656435893	23.8	"Na"
"ID:4A"	2.66666666666667	"Permeate"	180.386073059361	0.518222093061369	0.00287284979528788	"Na"	22.99	7.84628416961117	27.2	"Na"
"ID:4A"	3	"Permeate"	184.583561643836	0.516607694017588	0.00279877411301886	"Na"	22.99	8.02886305540825	30.6	"Na"
"ID:4A"	3.33333333333333	"Permeate"	185.914611872146	0.38099817433794	0.00204931807404118	"Na"	22.99	8.08675997703985	34	"Na"
"ID:4A"	3.66666666666667	"Permeate"	196.257077625571	0.397142164776015	0.0020235813636933	"Na"	22.99	8.5366279958926	37.4	"Na"
"ID:4A"	4	"Permeate"	199.424885844749	0.311579015454354	0.0015623878340686	"Na"	22.99	8.67441869703127	40.8	"Na"
"ID:4A"	4.5	"Permeate"	206.155479452055	0.618314833777243	0.00299926461048077	"Na"	22.99	8.96718048943257	45.9	"Na"
"ID:4A"	5	"Permeate"	214.302739726027	0.658674809872402	0.00307357157782712	"Na"	22.99	9.32156327646922	51	"Na"
"ID:4A"	6	"Permeate"	234.351826484018	0.269604640315394	0.00115042687893785	"Na"	22.99	10.1936418653335	61.2	"Na"
"ID:4A"	1	"Perm spand"	145.019634703196	0.758767550588316	0.00523217116179643	"Na"	22.99	6.30794409322298	10.2	"Na"
"ID:4A"	2	"Perm spand"	155.922602739726	0.0403599760951181	0.000258846218482442	"Na"	22.99	6.7821923766736	20.4	"Na"
"ID:4A"	4	"Perm spand"	207.572146118721	3.13193414498154	0.0150884124076562	"Na"	22.99	9.02880148406792	40.8	"Na"
"ID:4A"	0	"Feed"	175.797874453715	0.0344142156121911	0.000195760134865862	"Cl"	35.45	4.95903736117672	0	"Ca, Cl, SiO2, SO4 "
"ID:4A"	0.333333333333333	"Feed"	169.941199841081	0.0449491795748544	0.000264498424260205	"Cl"	35.45	4.79382792217435	3.4	"Ca, Cl, SiO2, SO4 "
"ID:4A"	0.666666666666667	"Feed"	172.700437028208	4.63819346737781	0.0268568716280679	"Cl"	35.45	4.87166253958274	6.8	"Ca, Cl, SiO2, SO4 "
"ID:4A"	1	"Feed"	174.538438617402	0.0498654960908243	0.000285699221820887	"Cl"	35.45	4.92351025719045	10.2	"Ca, Cl, SiO2, SO4 "
"ID:4A"	1.33333333333333	"Feed"	172.84147794994	0.0632097837771058	0.000365709576930446	"Cl"	35.45	4.87564112693767	13.6	"Ca, Cl, SiO2, SO4 "
"ID:4A"	1.66666666666667	"Feed"	169.192292411601	0.199461984363297	0.00117890703837772	"Cl"	35.45	4.77270218368409	17	"Ca, Cl, SiO2, SO4 "
"ID:4A"	2	"Feed"	169.559793404847	0.0337118846811057	0.000198820038666914	"Cl"	35.45	4.78306892538355	20.4	"Ca, Cl, SiO2, SO4 "
"ID:4A"	2.33333333333333	"Feed"	168.870480731029	0.193843336916463	0.00114788171430157	"Cl"	35.45	4.76362428014186	23.8	"Ca, Cl, SiO2, SO4 "
"ID:4A"	2.66666666666667	"Feed"	170.653357171236	0.0561864744685429	0.000329243299984803	"Cl"	35.45	4.81391698649466	27.2	"Ca, Cl, SiO2, SO4 "
"ID:4A"	3	"Feed"	173.847139451728	10.0356066710117	0.0577266137519522	"Cl"	35.45	4.90400957550714	30.6	"Ca, Cl, SiO2, SO4 "
"ID:4A"	3.33333333333333	"Feed"	168.083829956297	7.64416985144457	0.0454783178931138	"Cl"	35.45	4.74143384926085	34	"Ca, Cl, SiO2, SO4 "
"ID:4A"	3.66666666666667	"Feed"	165.797377830751	0.0674237693622314	0.000406663665278584	"Cl"	35.45	4.67693590495771	37.4	"Ca, Cl, SiO2, SO4 "
"ID:4A"	4	"Feed"	169.855780691299	0.262671768140403	0.0015464399684918	"Cl"	35.45	4.79141835518474	40.8	"Ca, Cl, SiO2, SO4 "
"ID:4A"	4.5	"Feed"	166.805522447358	0.0646144456388143	0.000387363947492841	"Cl"	35.45	4.70537439907921	45.9	"Ca, Cl, SiO2, SO4 "
"ID:4A"	5	"Feed"	164.322407628129	0.153108142926774	0.000931754501025004	"Cl"	35.45	4.63532884705582	51	"Ca, Cl, SiO2, SO4 "
"ID:4A"	6	"Feed"	158.066448152563	0.0302002300268242	0.000191060344429803	"Cl"	35.45	4.45885608328808	61.2	"Ca, Cl, SiO2, SO4 "
"ID:4A"	8	"Feed"	136.027810885975	0.0786610642559601	0.000578271926480515	"Cl"	35.45	3.83717379085967	81.6	"Ca, Cl, SiO2, SO4 "
"ID:4A"	0.333333333333333	"Permeate"	171.981326976559	3.03547428316275	0.0176500224560802	"Cl"	35.45	4.85137734771677	3.4	"Ca, Cl, SiO2, SO4 "
"ID:4A"	0.666666666666667	"Permeate"	160.966229638458	2.26150559735862	0.0140495655668777	"Cl"	35.45	4.540655278941	6.8	"Ca, Cl, SiO2, SO4 "
"ID:4A"	1	"Permeate"	177.82856575288	0.32447689005582	0.00182466123303682	"Cl"	35.45	5.01632061362145	10.2	"Ca, Cl, SiO2, SO4 "
"ID:4A"	1.33333333333333	"Permeate"	178.292908224076	0.174880401783307	0.000980860111180192	"Cl"	35.45	5.02941913184982	13.6	"Ca, Cl, SiO2, SO4 "
"ID:4A"	1.66666666666667	"Permeate"	180.229737783075	0.0681261002930958	0.000377995890861765	"Cl"	35.45	5.08405466242807	17	"Ca, Cl, SiO2, SO4 "
"ID:4A"	2	"Permeate"	155.127433452523	0.968514353651411	0.00624334672530908	"Cl"	35.45	4.3759501679132	20.4	"Ca, Cl, SiO2, SO4 "
"ID:4A"	2.33333333333333	"Permeate"	181.537346046881	0.259862444417006	0.00143145446419547	"Cl"	35.45	5.12094065012359	23.8	"Ca, Cl, SiO2, SO4 "
"ID:4A"	2.66666666666667	"Permeate"	159.968514104092	0.135549869655327	0.000847353433358294	"Cl"	35.45	4.512510976138	27.2	"Ca, Cl, SiO2, SO4 "
"ID:4A"	3	"Permeate"	157.539531187922	0.0730424168090857	0.000463645005531701	"Cl"	35.45	4.44399241714872	30.6	"Ca, Cl, SiO2, SO4 "
"ID:4A"	3.33333333333333	"Permeate"	156.961462058006	0.00280932372345729	1.7898175046427e-05	"Cl"	35.45	4.42768581263767	34	"Ca, Cl, SiO2, SO4 "
"ID:4A"	3.66666666666667	"Permeate"	187.651767977751	0.0365212084045228	0.000194622245226343	"Cl"	35.45	5.29342081742599	37.4	"Ca, Cl, SiO2, SO4 "
"ID:4A"	4	"Permeate"	188.638557806913	0.0386282011971157	0.000204773624471063	"Cl"	35.45	5.32125691980008	40.8	"Ca, Cl, SiO2, SO4 "
"ID:4A"	4.5	"Permeate"	190.135379419944	0.0105349639628644	5.54076994770984e-05	"Cl"	35.45	5.36348037855979	45.9	"Ca, Cl, SiO2, SO4 "
"ID:4A"	5	"Permeate"	193.001390544299	0.0589957981919399	0.000305675508479815	"Cl"	35.45	5.44432695470518	51	"Ca, Cl, SiO2, SO4 "
"ID:4A"	6	"Permeate"	196.897894318633	0.04916316515996	0.000249688628362886	"Cl"	35.45	5.55424243494029	61.2	"Ca, Cl, SiO2, SO4 "
"ID:4A"	1	"Perm spand"	141.75536352801	4.3818426776151	0.0309113007688721	"Cl"	35.45	3.99874086115683	10.2	"Ca, Cl, SiO2, SO4 "
"ID:4A"	2	"Perm spand"	171.480234406039	0.0217722588565528	0.000126966579745859	"Cl"	35.45	4.83724215531845	20.4	"Ca, Cl, SiO2, SO4 "
"ID:4A"	4	"Perm spand"	185.562971791816	0.178392056437609	0.000961355892908139	"Cl"	35.45	5.23449849906391	40.8	"Ca, Cl, SiO2, SO4 "
"ID:4A"	0	"Feed"	476.305555555556	0.310033201990788	0.000650912420345739	"SO4"	96.06	4.9584171929581	0	"Ca, Cl, SiO2, SO4 "
"ID:4A"	0.333333333333333	"Feed"	506.27151416122	0.154053764964446	0.000304290801783859	"SO4"	96.06	5.27036762607974	3.4	"Ca, Cl, SiO2, SO4 "
"ID:4A"	0.666666666666667	"Feed"	521.165305010893	10.6104530619223	0.0203590932855758	"SO4"	96.06	5.4254143765448	6.8	"Ca, Cl, SiO2, SO4 "
"ID:4A"	1	"Feed"	540.146786492375	2.97708900793692	0.00551162958363532	"SO4"	96.06	5.62301464181111	10.2	"Ca, Cl, SiO2, SO4 "
"ID:4A"	1.33333333333333	"Feed"	561.252450980392	1.06682232237845	0.00190078871016944	"SO4"	96.06	5.84272799271697	13.6	"Ca, Cl, SiO2, SO4 "
"ID:4A"	1.66666666666667	"Feed"	570.833061002179	0.604661027485277	0.00105926069948315	"SO4"	96.06	5.94246367897334	17	"Ca, Cl, SiO2, SO4 "
"ID:4A"	2	"Feed"	596.682734204793	0.327364250549226	0.000548640394271688	"SO4"	96.06	6.21156292114088	20.4	"Ca, Cl, SiO2, SO4 "
"ID:4A"	2.33333333333333	"Feed"	621.448529411765	0.858849739676476	0.00138201266722672	"SO4"	96.06	6.46937881961029	23.8	"Ca, Cl, SiO2, SO4 "
"ID:4A"	2.66666666666667	"Feed"	645.647875816994	1.55979437026439	0.00241585921473164	"SO4"	96.06	6.72129789524249	27.2	"Ca, Cl, SiO2, SO4 "
"ID:4A"	3	"Feed"	679.139161220044	45.7655222267959	0.0673875471185907	"SO4"	96.06	7.06994754549286	30.6	"Ca, Cl, SiO2, SO4 "
"ID:4A"	3.33333333333333	"Feed"	684.988834422658	8.8234293883353	0.0128811287789415	"SO4"	96.06	7.13084358133102	34	"Ca, Cl, SiO2, SO4 "
"ID:4A"	3.66666666666667	"Feed"	727.279139433551	0.354323659418193	0.000487190736275156	"SO4"	96.06	7.57109243632679	37.4	"Ca, Cl, SiO2, SO4 "
"ID:4A"	4	"Feed"	757.965413943355	0.346620971170043	0.000457304469034714	"SO4"	96.06	7.89054147348902	40.8	"Ca, Cl, SiO2, SO4 "
"ID:4A"	4.5	"Feed"	823.343954248366	3.73965514451044	0.00454203267688336	"SO4"	96.06	8.5711425593209	45.9	"Ca, Cl, SiO2, SO4 "
"ID:4A"	5	"Feed"	885.22848583878	2.65357610151157	0.00299761716207904	"SO4"	96.06	9.21537045428669	51	"Ca, Cl, SiO2, SO4 "
"ID:4A"	6	"Feed"	1056.14079520697	1.99499625628876	0.00188894914896058	"SO4"	96.06	10.9945949948675	61.2	"Ca, Cl, SiO2, SO4 "
"ID:4A"	8	"Feed"	1573.36301742919	0.300404841680501	0.00019093167841923	"SO4"	96.06	16.3789612474411	81.6	"Ca, Cl, SiO2, SO4 "
"ID:4A"	0.333333333333333	"Permeate"	6.66843681917211	0.225881332879036	0.0338732058208326	"SO4"	96.06	0.0694194963478254	3.4	"Ca, Cl, SiO2, SO4 "
"ID:4A"	0.666666666666667	"Permeate"	6.51811002178649	0.0394762772721245	0.00605639934584977	"SO4"	96.06	0.0678545702871798	6.8	"Ca, Cl, SiO2, SO4 "
"ID:4A"	1	"Permeate"	6.77260348583878	0.00192567206205507	0.000284332615379236	"SO4"	96.06	0.0705038880474576	10.2	"Ca, Cl, SiO2, SO4 "
"ID:4A"	1.33333333333333	"Permeate"	6.99074074074074	0.0373580380038647	0.005343931264129	"SO4"	96.06	0.0727747318419815	13.6	"Ca, Cl, SiO2, SO4 "
"ID:4A"	1.66666666666667	"Permeate"	7.16707516339869	0.0360100675604258	0.00502437420278839	"SO4"	96.06	0.0746104014511627	17	"Ca, Cl, SiO2, SO4 "
"ID:4A"	2	"Permeate"	7.71037581699346	0.0152128092902339	0.00197303084198637	"SO4"	96.06	0.0802662483551266	20.4	"Ca, Cl, SiO2, SO4 "
"ID:4A"	2.33333333333333	"Permeate"	6.96187363834423	0.0127094356095621	0.00182557688774495	"SO4"	96.06	0.0724742206781618	23.8	"Ca, Cl, SiO2, SO4 "
"ID:4A"	2.66666666666667	"Permeate"	8.46132897603486	0.0265742744563577	0.00314067382696317	"SO4"	96.06	0.0880837911309063	27.2	"Ca, Cl, SiO2, SO4 "
"ID:4A"	3	"Permeate"	8.87159586056645	0.00442904574272566	0.000499238898202343	"SO4"	96.06	0.0923547351714184	30.6	"Ca, Cl, SiO2, SO4 "
"ID:4A"	3.33333333333333	"Permeate"	9.28690087145969	0.000192567206206009	2.07353571305798e-05	"SO4"	96.06	0.0966781269150499	34	"Ca, Cl, SiO2, SO4 "
"ID:4A"	3.66666666666667	"Permeate"	9.71868191721133	0.00539188177375445	0.000554795580273667	"SO4"	96.06	0.101173036822937	37.4	"Ca, Cl, SiO2, SO4 "
"ID:4A"	4	"Permeate"	10.3090958605664	0.0107837635475076	0.00104604358067489	"SO4"	96.06	0.107319340626342	40.8	"Ca, Cl, SiO2, SO4 "
"ID:4A"	4.5	"Permeate"	11.1466503267974	0.000577701618616772	5.1827374294494e-05	"SO4"	96.06	0.116038416893581	45.9	"Ca, Cl, SiO2, SO4 "
"ID:4A"	5	"Permeate"	12.348720043573	0.0240709007756859	0.00194926281353457	"SO4"	96.06	0.128552155356787	51	"Ca, Cl, SiO2, SO4 "
"ID:4A"	6	"Permeate"	15.6342592592593	0.0242634679818906	0.00155194228134095	"SO4"	96.06	0.162755145318127	61.2	"Ca, Cl, SiO2, SO4 "
"ID:4A"	1	"Perm spand"	7.89351851851852	0.0207972582701919	0.00263472597440554	"SO4"	96.06	0.0821727932387936	10.2	"Ca, Cl, SiO2, SO4 "
"ID:4A"	2	"Perm spand"	7.60253267973856	0.00404391133031489	0.00053191633639304	"SO4"	96.06	0.0791435840072721	20.4	"Ca, Cl, SiO2, SO4 "
"ID:4A"	4	"Perm spand"	11.5699891067538	0.0100134947226849	0.00086547140453569	"SO4"	96.06	0.120445441461106	40.8	"Ca, Cl, SiO2, SO4 "
"ID:4A"	0	"Feed"	4.42807692307692	0.214851675822066	0.0485203124413595	"Ca"	40.078	0.110486474451742	0	"Ca, Cl, SiO2, SO4 "
"ID:4A"	0.333333333333333	"Feed"	19.1530769230769	NA	NA	"Ca"	40.078	0.477895027772766	3.4	"Ca, Cl, SiO2, SO4 "
"ID:4A"	0.666666666666667	"Feed"	17.5838461538462	0.00543928293220294	0.000309334083374768	"Ca"	40.078	0.438740609657322	6.8	"Ca, Cl, SiO2, SO4 "
"ID:4A"	1	"Feed"	15.7444230769231	0.191734723360198	0.0121779453221902	"Ca"	40.078	0.392844530089403	10.2	"Ca, Cl, SiO2, SO4 "
"ID:4A"	1.33333333333333	"Feed"	14.6828846153846	0.0312758768601738	0.00213009076073534	"Ca"	40.078	0.366357717834837	13.6	"Ca, Cl, SiO2, SO4 "
"ID:4A"	1.66666666666667	"Feed"	14.6896153846154	0.048953546389839	0.00333252744255705	"Ca"	40.078	0.366525659579205	17	"Ca, Cl, SiO2, SO4 "
"ID:4A"	2	"Feed"	14.4069230769231	0.247487373415291	0.0171783643248374	"Ca"	40.078	0.359472106315761	20.4	"Ca, Cl, SiO2, SO4 "
"ID:4A"	2.33333333333333	"Feed"	14.4367307692308	0.314118589334794	0.0217582910117213	"Ca"	40.078	0.360215848326532	23.8	"Ca, Cl, SiO2, SO4 "
"ID:4A"	2.66666666666667	"Feed"	14.4069230769231	0.508572954161093	0.035300594821369	"Ca"	40.078	0.359472106315761	27.2	"Ca, Cl, SiO2, SO4 "
"ID:4A"	3	"Feed"	13.98	0.530330085889911	0.0379349131537847	"Ca"	40.078	0.348819801387295	30.6	"Ca, Cl, SiO2, SO4 "
"ID:4A"	3.33333333333333	"Feed"	7.70019230769231	3.89860604165737	0.506299828091664	"Ca"	40.078	0.192130153892218	34	"Ca, Cl, SiO2, SO4 "
"ID:4A"	3.66666666666667	"Feed"	13.3588461538462	0.095187451313574	0.00712542462255758	"Ca"	40.078	0.333321177549932	37.4	"Ca, Cl, SiO2, SO4 "
"ID:4A"	4	"Feed"	14.1992307692308	0.867565627686572	0.0610994807948721	"Ca"	40.078	0.354289903918129	40.8	"Ca, Cl, SiO2, SO4 "
"ID:4A"	4.5	"Feed"	13.9069230769231	0.924678098474715	0.0664904877491637	"Ca"	40.078	0.346996433877017	45.9	"Ca, Cl, SiO2, SO4 "
"ID:4A"	5	"Feed"	14.0098076923077	0.830850467894194	0.0593049159661475	"Ca"	40.078	0.349563543398066	51	"Ca, Cl, SiO2, SO4 "
"ID:4A"	6	"Feed"	14.5809615384615	1.15176816089424	0.0789912351017535	"Ca"	40.078	0.363814599991555	61.2	"Ca, Cl, SiO2, SO4 "
"ID:4A"	8	"Feed"	13.0098076923077	2.31577470838594	0.17800222441068	"Ca"	40.078	0.324612198520577	81.6	"Ca, Cl, SiO2, SO4 "
"ID:4A"	0.333333333333333	"Permeate"	4.32615384615385	0.0554806859084835	0.0128244828735826	"Ca"	40.078	0.10794335660846	3.4	"Ca, Cl, SiO2, SO4 "
"ID:4A"	0.666666666666667	"Permeate"	2.91538461538462	0.0652713951864506	0.0223886052090728	"Ca"	40.078	0.0727427669889869	6.8	"Ca, Cl, SiO2, SO4 "
"ID:4A"	1	"Permeate"	2.71730769230769	0.0799574591034018	0.0294252503423701	"Ca"	40.078	0.0678004813690227	10.2	"Ca, Cl, SiO2, SO4 "
"ID:4A"	1.33333333333333	"Permeate"	2.10134615384615	0.173241161390704	0.0824429430979832	"Ca"	40.078	0.0524314125916002	13.6	"Ca, Cl, SiO2, SO4 "
"ID:4A"	1.66666666666667	"Permeate"	2.1675	0.100354770099168	0.046299778592465	"Ca"	40.078	0.0540820400219572	17	"Ca, Cl, SiO2, SO4 "
"ID:4A"	2	"Permeate"	2.04307692307692	0.107697802057644	0.0527135326336358	"Ca"	40.078	0.0509775169189312	20.4	"Ca, Cl, SiO2, SO4 "
"ID:4A"	2.33333333333333	"Permeate"	1.68115384615385	0.162634559672906	0.0967398433195047	"Ca"	40.078	0.0419470494075015	23.8	"Ca, Cl, SiO2, SO4 "
"ID:4A"	2.66666666666667	"Permeate"	2.16307692307692	0.0837649571559448	0.038724909069249	"Ca"	40.078	0.0539716783042298	27.2	"Ca, Cl, SiO2, SO4 "
"ID:4A"	3	"Permeate"	2.10346153846154	0.139789571357648	0.0664569181806336	"Ca"	40.078	0.0524841942826872	30.6	"Ca, Cl, SiO2, SO4 "
"ID:4A"	3.33333333333333	"Permeate"	2.03346153846154	0.0951874513135738	0.0468105491612052	"Ca"	40.078	0.050737600141263	34	"Ca, Cl, SiO2, SO4 "
"ID:4A"	3.66666666666667	"Permeate"	2.05153846153846	0.123471722561036	0.0601849416308011	"Ca"	40.078	0.0511886436832791	37.4	"Ca, Cl, SiO2, SO4 "
"ID:4A"	4	"Permeate"	2.09269230769231	NA	NA	"Ca"	40.078	0.0522154874916989	40.8	"Ca, Cl, SiO2, SO4 "
"ID:4A"	4.5	"Permeate"	1.98730769230769	0.135438145011885	0.068151572872247	"Ca"	40.078	0.0495859996084558	45.9	"Ca, Cl, SiO2, SO4 "
"ID:4A"	5	"Permeate"	1.82942307692308	0.115040834016119	0.0628836683363628	"Ca"	40.078	0.0456465661191446	51	"Ca, Cl, SiO2, SO4 "
"ID:4A"	6	"Permeate"	2.24519230769231	0.171065448217823	0.0761918912833129	"Ca"	40.078	0.0560205675855159	61.2	"Ca, Cl, SiO2, SO4 "
"ID:4A"	1	"Perm spand"	4.70230769230769	0.278491286128855	0.0592243860571751	"Ca"	40.078	0.117328900950838	10.2	"Ca, Cl, SiO2, SO4 "
"ID:4A"	2	"Perm spand"	3.75230769230769	0.0505853312694992	0.0134811255945775	"Ca"	40.078	0.0936251233172237	20.4	"Ca, Cl, SiO2, SO4 "
"ID:4A"	4	"Perm spand"	3.20538461538462	0.212132034355964	0.0661799003270347	"Ca"	40.078	0.0799786570034586	40.8	"Ca, Cl, SiO2, SO4 "
"ID:4A"	0	"Feed"	73.6	2	0.0271739130434783	"SiO2"	60.08	1.22503328894807	0	"Ca, Cl, SiO2, SO4 "
"ID:4A"	0.333333333333333	"Feed"	74	2	0.027027027027027	"SiO2"	60.08	1.23169107856192	3.4	"Ca, Cl, SiO2, SO4 "
"ID:4A"	0.666666666666667	"Feed"	73.6	2	0.0271739130434783	"SiO2"	60.08	1.22503328894807	6.8	"Ca, Cl, SiO2, SO4 "
"ID:4A"	1	"Feed"	74.6	2	0.0268096514745308	"SiO2"	60.08	1.24167776298269	10.2	"Ca, Cl, SiO2, SO4 "
"ID:4A"	1.33333333333333	"Feed"	74	2	0.027027027027027	"SiO2"	60.08	1.23169107856192	13.6	"Ca, Cl, SiO2, SO4 "
"ID:4A"	1.66666666666667	"Feed"	75.6	2	0.0264550264550265	"SiO2"	60.08	1.25832223701731	17	"Ca, Cl, SiO2, SO4 "
"ID:4A"	2	"Feed"	77.2	2	0.0259067357512953	"SiO2"	60.08	1.2849533954727	20.4	"Ca, Cl, SiO2, SO4 "
"ID:4A"	2.33333333333333	"Feed"	80.2	2	0.0249376558603491	"SiO2"	60.08	1.33488681757656	23.8	"Ca, Cl, SiO2, SO4 "
"ID:4A"	2.66666666666667	"Feed"	82	2	0.024390243902439	"SiO2"	60.08	1.36484687083888	27.2	"Ca, Cl, SiO2, SO4 "
"ID:4A"	3	"Feed"	81.6	2	0.0245098039215686	"SiO2"	60.08	1.35818908122503	30.6	"Ca, Cl, SiO2, SO4 "
"ID:4A"	3.33333333333333	"Feed"	81.6	2	0.0245098039215686	"SiO2"	60.08	1.35818908122503	34	"Ca, Cl, SiO2, SO4 "
"ID:4A"	3.66666666666667	"Feed"	84	2	0.0238095238095238	"SiO2"	60.08	1.39813581890812	37.4	"Ca, Cl, SiO2, SO4 "
"ID:4A"	4	"Feed"	81.2	2	0.0246305418719212	"SiO2"	60.08	1.35153129161119	40.8	"Ca, Cl, SiO2, SO4 "
"ID:4A"	4.5	"Feed"	84.6	2	0.0236406619385343	"SiO2"	60.08	1.40812250332889	45.9	"Ca, Cl, SiO2, SO4 "
"ID:4A"	5	"Feed"	86.8	2	0.0230414746543779	"SiO2"	60.08	1.44474034620506	51	"Ca, Cl, SiO2, SO4 "
"ID:4A"	6	"Feed"	92.4	2	0.0216450216450216	"SiO2"	60.08	1.53794940079893	61.2	"Ca, Cl, SiO2, SO4 "
"ID:4A"	8	"Feed"	104.4	2	0.0191570881226054	"SiO2"	60.08	1.73768308921438	81.6	"Ca, Cl, SiO2, SO4 "
"ID:4A"	0.333333333333333	"Permeate"	46.8	2	0.0427350427350427	"SiO2"	60.08	0.77896138482024	3.4	"Ca, Cl, SiO2, SO4 "
"ID:4A"	0.666666666666667	"Permeate"	48.4	2	0.0413223140495868	"SiO2"	60.08	0.805592543275632	6.8	"Ca, Cl, SiO2, SO4 "
"ID:4A"	1	"Permeate"	50.8	2	0.0393700787401575	"SiO2"	60.08	0.845539280958722	10.2	"Ca, Cl, SiO2, SO4 "
"ID:4A"	1.33333333333333	"Permeate"	50.4	2	0.0396825396825397	"SiO2"	60.08	0.838881491344874	13.6	"Ca, Cl, SiO2, SO4 "
"ID:4A"	1.66666666666667	"Permeate"	51.4	2	0.0389105058365759	"SiO2"	60.08	0.855525965379494	17	"Ca, Cl, SiO2, SO4 "
"ID:4A"	2	"Permeate"	51.2	2	0.0390625	"SiO2"	60.08	0.85219707057257	20.4	"Ca, Cl, SiO2, SO4 "
"ID:4A"	2.33333333333333	"Permeate"	52.8	2	0.0378787878787879	"SiO2"	60.08	0.878828229027963	23.8	"Ca, Cl, SiO2, SO4 "
"ID:4A"	2.66666666666667	"Permeate"	54	2	0.037037037037037	"SiO2"	60.08	0.898801597869507	27.2	"Ca, Cl, SiO2, SO4 "
"ID:4A"	3	"Permeate"	53.2	2	0.037593984962406	"SiO2"	60.08	0.885486018641811	30.6	"Ca, Cl, SiO2, SO4 "
"ID:4A"	3.33333333333333	"Permeate"	55	2	0.0363636363636364	"SiO2"	60.08	0.915446071904128	34	"Ca, Cl, SiO2, SO4 "
"ID:4A"	3.66666666666667	"Permeate"	54.6	2	0.0366300366300366	"SiO2"	60.08	0.90878828229028	37.4	"Ca, Cl, SiO2, SO4 "
"ID:4A"	4	"Permeate"	57	2	0.0350877192982456	"SiO2"	60.08	0.948735019973369	40.8	"Ca, Cl, SiO2, SO4 "
"ID:4A"	4.5	"Permeate"	56	2	0.0357142857142857	"SiO2"	60.08	0.932090545938748	45.9	"Ca, Cl, SiO2, SO4 "
"ID:4A"	5	"Permeate"	57.4	2	0.0348432055749129	"SiO2"	60.08	0.955392809587217	51	"Ca, Cl, SiO2, SO4 "
"ID:4A"	6	"Permeate"	61	2	0.0327868852459016	"SiO2"	60.08	1.01531291611185	61.2	"Ca, Cl, SiO2, SO4 "
"ID:4A"	1	"Perm spand"	49.8	2	0.0401606425702811	"SiO2"	60.08	0.828894806924101	10.2	"Ca, Cl, SiO2, SO4 "
"ID:4A"	2	"Perm spand"	51.2	2	0.0390625	"SiO2"	60.08	0.85219707057257	20.4	"Ca, Cl, SiO2, SO4 "
"ID:4A"	4	"Perm spand"	54.8	2	0.0364963503649635	"SiO2"	60.08	0.912117177097204	40.8	"Ca, Cl, SiO2, SO4 "
"ID:4B"	2	"Perm spand"	75.2245	0.929845417260318	0.012360938487598	"Na"	22.99	3.27205306655067	20.4	"Na"
"ID:4B"	4	"Perm spand"	80.3765	0.0318198051533958	0.000395884433303215	"Na"	22.99	3.49615050021749	40.8	"Na"
"ID:4B"	6	"Perm spand"	87.25	0.428506709399044	0.00491125168365666	"Na"	22.99	3.79512831665942	61.2	"Na"
"ID:4B"	8	"Perm spand"	90.1395	0.0417193000900045	0.000462830391670738	"Na"	22.99	3.92081339712919	81.6	"Na"
"ID:4B"	0	"Feed"	125.905	0.0848528137423889	0.000673943161450212	"Na"	22.99	5.47651152675076	0	"Na"
"ID:4B"	1	"Feed"	129.5675	0.22980970388564	0.00177366780933212	"Na"	22.99	5.63581992170509	10.2	"Na"
"ID:4B"	1	"Permeate"	76.9	0.0721248916810205	0.00093790496334227	"Na"	22.99	3.34493257938234	10.2	"Na"
"ID:4B"	3	"Feed"	138.8175	0.342946788875485	0.00247048671007247	"Na"	22.99	6.03816876903001	30.6	"Na"
"ID:4B"	3	"Permeate"	86.1445	0.451841233178201	0.00524515474787364	"Na"	22.99	3.7470421922575	30.6	"Na"
"ID:4B"	5	"Feed"	155.3575	0.562149891043296	0.00361842776205395	"Na"	22.99	6.75761200521966	51	"Na"
"ID:4B"	5	"Permeate"	98.799	0.00424264068711945	4.29421419965733e-05	"Na"	22.99	4.29747716398434	51	"Na"
"ID:4B"	7	"Feed"	179.775	0.0919238815542681	0.000511327390094663	"Na"	22.99	7.81970421922575	71.4	"Na"
"ID:4B"	7	"Permeate"	111.935	0.933380951166248	0.00833859785738373	"Na"	22.99	4.86885602435842	71.4	"Na"
"ID:5A"	2	"Perm spand"	118.4075	0.0742462120246004	0.000627039773870746	"Na"	22.99	5.15039147455415	20.4	"Na"
"ID:5A"	4	"Perm spand"	148.22	0.586898628384823	0.00395964531362045	"Na"	22.99	6.44715093518921	40.8	"Na"
"ID:5A"	6	"Perm spand"	182.21	1.17379725676965	0.00644200239706738	"Na"	22.99	7.92561983471074	61.2	"Na"
"ID:5A"	8	"Perm spand"	240.4975	2.24506403026732	0.00933508261111786	"Na"	22.99	10.4609612875163	81.6	"Na"
"ID:5A"	0	"Feed"	454.6875	5.51189735934911	0.0121223859449602	"Na"	22.99	19.7776207046542	0	"Na"
"ID:5A"	2	"Feed"	553.6275	4.71993776442017	0.00852547563916202	"Na"	22.99	24.081230969987	20.4	"Na"
"ID:5A"	2	"Permeate"	145.1	6.2861792847484	0.0433230825964741	"Na"	22.99	6.31143975641583	20.4	"Na"
"ID:5A"	4	"Feed"	631.255	1.86676190233256	0.00295722315440283	"Na"	22.99	27.4578077424967	40.8	"Na"
"ID:5A"	4	"Permeate"	157.2675	2.15314014871303	0.013690941540452	"Na"	22.99	6.84069160504567	40.8	"Na"
"ID:5A"	6	"Feed"	824.84	4.24264068711937	0.00514359231744261	"Na"	22.99	35.8782079164854	61.2	"Na"
"ID:5A"	6	"Permeate"	208.1425	0.887419010389114	0.00426351663110184	"Na"	22.99	9.05361026533275	61.2	"Na"
"ID:5A"	7	"Feed"	983.2875	3.77948574544212	0.00384372398249964	"Na"	22.99	42.770226185298	71.4	"Na"
"ID:5A"	7	"Permeate"	273.2175	3.45421662609628	0.0126427356450311	"Na"	22.99	11.8841887777294	71.4	"Na"
"ID:5A"	7.25	"Feed"	1143.5775	18.7277230997256	0.0163764354402965	"Na"	22.99	49.7423879947803	73.95	"Na"
"ID:5B"	1.5	"Perm spand"	111.9875	4.49366359444051	0.0401264747801363	"Na"	22.99	4.87113962592432	15.3	"Na"
"ID:5B"	0	"Feed"	48.046	0.23193102422919	0.00482727020416246	"Na"	22.99	2.08986515876468	0	"Na"
"ID:5B"	1.5	"Feed"	159.78	0.53740115370175	0.00336338186069439	"Na"	22.99	6.94997825141366	15.3	"Na"
"ID:5B"	1.5	"Permeate Slange"	98.729	0.234759451353929	0.00237781656204286	"Na"	22.99	4.29443236189648	15.3	"Na"
"ID:4B"	2	"Perm spand"	114.8815	0.183140656327316	0.00159417013468066	"Cl"	35.45	3.2406629055007	20.4	"Ca, Cl, SiO2, SO4 "
"ID:4B"	4	"Perm spand"	124.99975	0.168644967312993	0.00134916243682882	"Cl"	35.45	3.52608603667137	40.8	"Ca, Cl, SiO2, SO4 "
"ID:4B"	6	"Perm spand"	135.15975	0.256326208180132	0.00189646849879592	"Cl"	35.45	3.81268688293371	61.2	"Ca, Cl, SiO2, SO4 "
"ID:4B"	8	"Perm spand"	139.6795	0.22839549032326	0.00163513966131938	"Cl"	35.45	3.94018335684062	81.6	"Ca, Cl, SiO2, SO4 "
"ID:4B"	0	"Feed"	182.77175	0.015202795795513	8.31791335122251e-05	"Cl"	35.45	5.15576163610719	0	"Ca, Cl, SiO2, SO4 "
"ID:4B"	1	"Feed"	189.566	17.250577033827	0.0910003747181827	"Cl"	35.45	5.34741889985896	10.2	"Ca, Cl, SiO2, SO4 "
"ID:4B"	1	"Permeate"	115.27675	2.49290495707318	0.0216253924323264	"Cl"	35.45	3.25181241184767	10.2	"Ca, Cl, SiO2, SO4 "
"ID:4B"	3	"Feed"	194.32425	4.18430437767141	0.0215325898732217	"Cl"	35.45	5.48164315937941	30.6	"Ca, Cl, SiO2, SO4 "
"ID:4B"	3	"Permeate"	129.52575	3.69427937830912	0.0285215826066178	"Cl"	35.45	3.65375881523272	30.6	"Ca, Cl, SiO2, SO4 "
"ID:4B"	5	"Feed"	212.73225	4.02237692477966	0.0189081670728329	"Cl"	35.45	6.00090973201692	51	"Ca, Cl, SiO2, SO4 "
"ID:4B"	5	"Permeate"	152.189	13.7694903500456	0.0904762522261506	"Cl"	35.45	4.29306064880113	51	"Ca, Cl, SiO2, SO4 "
"ID:4B"	7	"Feed"	245.049	19.3535126010758	0.0789781333573114	"Cl"	35.45	6.91252468265162	71.4	"Ca, Cl, SiO2, SO4 "
"ID:4B"	7	"Permeate"	167.79525	2.54735217922453	0.0151813128156162	"Cl"	35.45	4.73329337094499	71.4	"Ca, Cl, SiO2, SO4 "
"ID:5A"	2	"Perm spand"	125.31275	2.24966022434501	0.0179523649775862	"Cl"	35.45	3.53491537376587	20.4	"Ca, Cl, SiO2, SO4 "
"ID:5A"	4	"Perm spand"	160.6885	13.7560553212031	0.0856069682721732	"Cl"	35.45	4.53282087447109	40.8	"Ca, Cl, SiO2, SO4 "
"ID:5A"	6	"Perm spand"	177.9565	6.26850161521875	0.0352249095437298	"Cl"	35.45	5.01992947813822	61.2	"Ca, Cl, SiO2, SO4 "
"ID:5A"	8	"Perm spand"	216.2415	0.258801081914266	0.00119681505129342	"Cl"	35.45	6.09990126939351	81.6	"Ca, Cl, SiO2, SO4 "
"ID:5A"	0	"Feed"	162.4975	1.10167236508864	0.0067796265486462	"Cl"	35.45	4.58385049365303	0	"Ca, Cl, SiO2, SO4 "
"ID:5A"	2	"Feed"	177.73875	5.83681292530436	0.0328392819534534	"Cl"	35.45	5.01378702397743	20.4	"Ca, Cl, SiO2, SO4 "
"ID:5A"	2	"Permeate"	145.77175	7.43628846434833	0.0510132344871234	"Cl"	35.45	4.11203808180536	20.4	"Ca, Cl, SiO2, SO4 "
"ID:5A"	4	"Feed"	182.88025	4.75423244330773	0.0259964235794064	"Cl"	35.45	5.15882228490832	40.8	"Ca, Cl, SiO2, SO4 "
"ID:5A"	4	"Permeate"	151.829	0.516187950266193	0.00339979812991057	"Cl"	35.45	4.28290550070522	40.8	"Ca, Cl, SiO2, SO4 "
"ID:5A"	6	"Feed"	192.26975	13.3420443008184	0.0693923214692814	"Cl"	35.45	5.42368829337094	61.2	"Ca, Cl, SiO2, SO4 "
"ID:5A"	6	"Permeate"	181.493	3.14803938984251	0.0173452386033759	"Cl"	35.45	5.11968970380818	61.2	"Ca, Cl, SiO2, SO4 "
"ID:5A"	7	"Feed"	197.99675	0.108540890912121	0.000548195315893421	"Cl"	35.45	5.58523977433004	71.4	"Ca, Cl, SiO2, SO4 "
"ID:5A"	7	"Permeate"	202.7985	0.111015764646316	0.000547419062006453	"Cl"	35.45	5.72069111424542	71.4	"Ca, Cl, SiO2, SO4 "
"ID:5A"	7.25	"Feed"	189.6765	0.253144227664787	0.00133461039013682	"Cl"	35.45	5.35053596614951	73.95	"Ca, Cl, SiO2, SO4 "
"ID:5B"	1.5	"Perm spand"	126.31675	0.181372889374351	0.00143585778904501	"Cl"	35.45	3.56323695345557	15.3	"Ca, Cl, SiO2, SO4 "
"ID:5B"	0	"Feed"	0	0	NA	"Cl"	35.45	0	0	"Ca, Cl, SiO2, SO4 "
"ID:5B"	1.5	"Feed"	160.2615	0.45537676708414	0.00284146078181061	"Cl"	35.45	4.52077574047955	15.3	"Ca, Cl, SiO2, SO4 "
"ID:5B"	1.5	"Permeate Slange"	131.97175	0.0738926586339953	0.000559912698240308	"Cl"	35.45	3.72275740479549	15.3	"Ca, Cl, SiO2, SO4 "
"ID:4B"	2	"Perm spand"	6.3515	0.127986327394765	0.0201505671722845	"Ca"	40.078	0.158478466989371	20.4	"Ca, Cl, SiO2, SO4 "
"ID:4B"	4	"Perm spand"	5.5615	0.10253048327205	0.0184357607249932	"Ca"	40.078	0.138766904536155	40.8	"Ca, Cl, SiO2, SO4 "
"ID:4B"	6	"Perm spand"	5.8085	0.037476659402887	0.0064520374284044	"Ca"	40.078	0.144929886720894	61.2	"Ca, Cl, SiO2, SO4 "
"ID:4B"	8	"Perm spand"	5.605	0.11879393923934	0.0211942799713363	"Ca"	40.078	0.139852288038325	81.6	"Ca, Cl, SiO2, SO4 "
"ID:4B"	0	"Feed"	8.615	0.179605122421384	0.0208479538504218	"Ca"	40.078	0.214955836119567	0	"Ca, Cl, SiO2, SO4 "
"ID:4B"	1	"Feed"	7.839	0.0169705627484772	0.00216488872923551	"Ca"	40.078	0.195593592494635	10.2	"Ca, Cl, SiO2, SO4 "
"ID:4B"	1	"Permeate"	3.117	0.130107647738325	0.0417413050171078	"Ca"	40.078	0.0777733419831329	10.2	"Ca, Cl, SiO2, SO4 "
"ID:4B"	3	"Feed"	9.223	0.059396969619671	0.00644009211966508	"Ca"	40.078	0.23012625380508	30.6	"Ca, Cl, SiO2, SO4 "
"ID:4B"	3	"Permeate"	3.394	0.0919238815542511	0.0270842314538159	"Ca"	40.078	0.0846848645141973	30.6	"Ca, Cl, SiO2, SO4 "
"ID:4B"	5	"Feed"	10.896	0.0155563491861042	0.00142771192970854	"Ca"	40.078	0.271869853785119	51	"Ca, Cl, SiO2, SO4 "
"ID:4B"	5	"Permeate"	4.372	0.0579827560572968	0.0132622955300313	"Ca"	40.078	0.109087279804381	51	"Ca, Cl, SiO2, SO4 "
"ID:4B"	7	"Feed"	13.5585	0.0685893577750948	0.00505877182395507	"Ca"	40.078	0.338302809521433	71.4	"Ca, Cl, SiO2, SO4 "
"ID:4B"	7	"Permeate"	5.4665	0.200111219075793	0.0366068268683422	"Ca"	40.078	0.136396526772793	71.4	"Ca, Cl, SiO2, SO4 "
"ID:5A"	2	"Perm spand"	5.112	0.114551298552221	0.0224083134883061	"Ca"	40.078	0.127551275013723	20.4	"Ca, Cl, SiO2, SO4 "
"ID:5A"	4	"Perm spand"	2.6915	0.0912167747730646	0.033890683549346	"Ca"	40.078	0.0671565447377614	40.8	"Ca, Cl, SiO2, SO4 "
"ID:5A"	6	"Perm spand"	2.6145	0.140714249456123	0.0538207112090736	"Ca"	40.078	0.0652352911821947	61.2	"Ca, Cl, SiO2, SO4 "
"ID:5A"	8	"Perm spand"	3.937	0.0763675323681472	0.0193973920162934	"Ca"	40.078	0.0982334447826738	81.6	"Ca, Cl, SiO2, SO4 "
"ID:5A"	0	"Feed"	8.1625	0.0685893577750948	0.00840298410720916	"Ca"	40.078	0.203665352562503	0	"Ca, Cl, SiO2, SO4 "
"ID:5A"	2	"Feed"	6.5735	0.293449314192417	0.0446412587194671	"Ca"	40.078	0.164017665552173	20.4	"Ca, Cl, SiO2, SO4 "
"ID:5A"	2	"Permeate"	1.7625	0.0516187950266179	0.0292872595895705	"Ca"	40.078	0.0439767453465742	20.4	"Ca, Cl, SiO2, SO4 "
"ID:5A"	4	"Feed"	6.8335	0.153442171517481	0.0224544042609909	"Ca"	40.078	0.17050501522032	40.8	"Ca, Cl, SiO2, SO4 "
"ID:5A"	4	"Permeate"	1.9515	0.0530330085889912	0.0271755104222348	"Ca"	40.078	0.0486925495284196	40.8	"Ca, Cl, SiO2, SO4 "
"ID:5A"	6	"Feed"	7.753	0.181019335983756	0.0233482956254039	"Ca"	40.078	0.193447776835171	61.2	"Ca, Cl, SiO2, SO4 "
"ID:5A"	6	"Permeate"	2.2425	0.22132442251139	0.0986953946539084	"Ca"	40.078	0.0559533908877688	61.2	"Ca, Cl, SiO2, SO4 "
"ID:5A"	7	"Feed"	8.499	0.138592929112563	0.0163069689507663	"Ca"	40.078	0.212061480113778	71.4	"Ca, Cl, SiO2, SO4 "
"ID:5A"	7	"Permeate"	2.358	0.387494516090228	0.164331855848273	"Ca"	40.078	0.0588352712211188	71.4	"Ca, Cl, SiO2, SO4 "
"ID:5A"	7.25	"Feed"	9.3375	0.19869700551342	0.0212794651152257	"Ca"	40.078	0.232983182793553	73.95	"Ca, Cl, SiO2, SO4 "
"ID:5B"	1.5	"Perm spand"	7.268	0.0975807358037435	0.0134260781237952	"Ca"	40.078	0.181346374569589	15.3	"Ca, Cl, SiO2, SO4 "
"ID:5B"	0	"Feed"	61.6935	0.235466558135119	0.00381671583124834	"Ca"	40.078	1.53933579519936	0	"Ca, Cl, SiO2, SO4 "
"ID:5B"	1.5	"Feed"	17.2505	0.125157900270019	0.00725532015130104	"Ca"	40.078	0.430423174809122	15.3	"Ca, Cl, SiO2, SO4 "
"ID:5B"	1.5	"Permeate Slange"	7.241	0.0636396103067892	0.00878878750266388	"Ca"	40.078	0.180672688257897	15.3	"Ca, Cl, SiO2, SO4 "
"ID:4B"	2	"Perm spand"	1.3345	0.0148492424049174	0.0111271955076189	"SO4"	96.06	0.0138923589423277	20.4	"Ca, Cl, SiO2, SO4 "
"ID:4B"	4	"Perm spand"	0.981	0.031112698372208	0.0317152888605587	"SO4"	96.06	0.010212367270456	40.8	"Ca, Cl, SiO2, SO4 "
"ID:4B"	6	"Perm spand"	0.9295	0.00212132034355964	0.00228221661491086	"SO4"	96.06	0.00967624401415782	61.2	"Ca, Cl, SiO2, SO4 "
"ID:4B"	8	"Perm spand"	0.8795	0.00212132034355964	0.00241196173230204	"SO4"	96.06	0.00915573599833437	81.6	"Ca, Cl, SiO2, SO4 "
"ID:4B"	0	"Feed"	18.499	0.026870057685089	0.00145251406481912	"SO4"	96.06	0.192577555694358	0	"Ca, Cl, SiO2, SO4 "
"ID:4B"	1	"Feed"	20.4245	0.142128463018494	0.00695872422916076	"SO4"	96.06	0.212622319383719	10.2	"Ca, Cl, SiO2, SO4 "
"ID:4B"	1	"Permeate"	0.5975	0.053033008588991	0.0887581733706963	"SO4"	96.06	0.00622007078909015	10.2	"Ca, Cl, SiO2, SO4 "
"ID:4B"	3	"Feed"	25.051	0.226274169979695	0.00903254041673767	"SO4"	96.06	0.260784926087862	30.6	"Ca, Cl, SiO2, SO4 "
"ID:4B"	3	"Permeate"	0.3405	0.021920310216783	0.0643768288304933	"SO4"	96.06	0.00354465958775765	30.6	"Ca, Cl, SiO2, SO4 "
"ID:4B"	5	"Feed"	33.022	0.0466690475583139	0.00141327138145218	"SO4"	96.06	0.343764313970435	51	"Ca, Cl, SiO2, SO4 "
"ID:4B"	5	"Permeate"	0.446	0.00424264068711929	0.00951264728053652	"SO4"	96.06	0.00464293150114512	51	"Ca, Cl, SiO2, SO4 "
"ID:4B"	7	"Feed"	47.7005	0.157684812204599	0.00330572661092859	"SO4"	96.06	0.496569852175723	71.4	"Ca, Cl, SiO2, SO4 "
"ID:4B"	7	"Permeate"	0.7195	0.0954594154601839	0.132674656650707	"SO4"	96.06	0.00749011034769935	71.4	"Ca, Cl, SiO2, SO4 "
"ID:5A"	2	"Perm spand"	2.981	0.00848528137423858	0.00284645467099583	"SO4"	96.06	0.0310326879033937	20.4	"Ca, Cl, SiO2, SO4 "
"ID:5A"	4	"Perm spand"	3.863	0.00989949493661183	0.0025626443014786	"SO4"	96.06	0.0402144493025193	40.8	"Ca, Cl, SiO2, SO4 "
"ID:5A"	6	"Perm spand"	5.5945	0.00777817459305148	0.00139032524676941	"SO4"	96.06	0.0582396418904851	61.2	"Ca, Cl, SiO2, SO4 "
"ID:5A"	8	"Perm spand"	8.6485	0.0176776695296639	0.00204401567088674	"SO4"	96.06	0.090032271496981	81.6	"Ca, Cl, SiO2, SO4 "
"ID:5A"	0	"Feed"	216.425	2.60922402257838	0.0120560195105851	"SO4"	96.06	2.25301894649178	0	"Ca, Cl, SiO2, SO4 "
"ID:5A"	2	"Feed"	277.2425	10.1575889117448	0.0366379213567356	"SO4"	96.06	2.88613887153862	20.4	"Ca, Cl, SiO2, SO4 "
"ID:5A"	2	"Permeate"	3.2545	0.0275771644662755	0.00847354876825179	"SO4"	96.06	0.033879866749948	20.4	"Ca, Cl, SiO2, SO4 "
"ID:5A"	4	"Feed"	337.5125	10.8646956929313	0.0321904987013261	"SO4"	96.06	3.5135592338122	40.8	"Ca, Cl, SiO2, SO4 "
"ID:5A"	4	"Permeate"	4.488	0.00565685424949239	0.00126043989516319	"SO4"	96.06	0.0467207995003123	40.8	"Ca, Cl, SiO2, SO4 "
"ID:5A"	6	"Feed"	503.505	40.4182236126231	0.0802737283892376	"SO4"	96.06	5.24156777014366	61.2	"Ca, Cl, SiO2, SO4 "
"ID:5A"	6	"Permeate"	6.594	0.0183847763108501	0.00278810681086595	"SO4"	96.06	0.0686445971267958	61.2	"Ca, Cl, SiO2, SO4 "
"ID:5A"	7	"Feed"	646.3175	0.0106066017177886	1.64108224174474e-05	"SO4"	96.06	6.72826879033937	71.4	"Ca, Cl, SiO2, SO4 "
"ID:5A"	7	"Permeate"	8.8695	0.00212132034355972	0.000239170228711847	"SO4"	96.06	0.0923329169269207	71.4	"Ca, Cl, SiO2, SO4 "
"ID:5A"	7.25	"Feed"	786.6975	0.717713382904336	0.000912311762658882	"SO4"	96.06	8.18964709556527	73.95	"Ca, Cl, SiO2, SO4 "
"ID:5B"	1.5	"Perm spand"	4.797	0.00424264068711945	0.00088443624913893	"SO4"	96.06	0.0499375390381012	15.3	"Ca, Cl, SiO2, SO4 "
"ID:5B"	0	"Feed"	64.13	0.0353553390593254	0.000551307329788326	"SO4"	96.06	0.667603581095149	0	"Ca, Cl, SiO2, SO4 "
"ID:5B"	1.5	"Feed"	19.6545	0.000707106781187412	3.59768389522711e-05	"SO4"	96.06	0.204606495940037	15.3	"Ca, Cl, SiO2, SO4 "
"ID:5B"	1.5	"Permeate Slange"	2.1665	0.284964032818179	0.131531979145247	"SO4"	96.06	0.0225536123256298	15.3	"Ca, Cl, SiO2, SO4 "
"ID:4B"	2	"Perm spand"	49.4	2	0.0404858299595142	"SiO2"	60.08	0.822237017310253	20.4	"Ca, Cl, SiO2, SO4 "
"ID:4B"	4	"Perm spand"	49.8	2	0.0401606425702811	"SiO2"	60.08	0.828894806924101	40.8	"Ca, Cl, SiO2, SO4 "
"ID:4B"	6	"Perm spand"	51	2	0.0392156862745098	"SiO2"	60.08	0.848868175765646	61.2	"Ca, Cl, SiO2, SO4 "
"ID:4B"	8	"Perm spand"	51	2	0.0392156862745098	"SiO2"	60.08	0.848868175765646	81.6	"Ca, Cl, SiO2, SO4 "
"ID:4B"	0	"Feed"	59.2	2	0.0337837837837838	"SiO2"	60.08	0.985352862849534	0	"Ca, Cl, SiO2, SO4 "
"ID:4B"	1	"Feed"	58.2	2	0.0343642611683849	"SiO2"	60.08	0.968708388814914	10.2	"Ca, Cl, SiO2, SO4 "
"ID:4B"	1	"Permeate"	51.4	2	0.0389105058365759	"SiO2"	60.08	0.855525965379494	10.2	"Ca, Cl, SiO2, SO4 "
"ID:4B"	3	"Feed"	57.4	2	0.0348432055749129	"SiO2"	60.08	0.955392809587217	30.6	"Ca, Cl, SiO2, SO4 "
"ID:4B"	3	"Permeate"	51.8	2	0.0386100386100386	"SiO2"	60.08	0.862183754993342	30.6	"Ca, Cl, SiO2, SO4 "
"ID:4B"	5	"Feed"	59	2	0.0338983050847458	"SiO2"	60.08	0.98202396804261	51	"Ca, Cl, SiO2, SO4 "
"ID:4B"	5	"Permeate"	52.8	2	0.0378787878787879	"SiO2"	60.08	0.878828229027963	51	"Ca, Cl, SiO2, SO4 "
"ID:4B"	7	"Feed"	59.6	2	0.0335570469798658	"SiO2"	60.08	0.992010652463382	71.4	"Ca, Cl, SiO2, SO4 "
"ID:4B"	7	"Permeate"	54.6	2	0.0366300366300366	"SiO2"	60.08	0.90878828229028	71.4	"Ca, Cl, SiO2, SO4 "
"ID:5A"	2	"Perm spand"	39.4	2	0.050761421319797	"SiO2"	60.08	0.655792276964048	20.4	"Ca, Cl, SiO2, SO4 "
"ID:5A"	4	"Perm spand"	44.6	2	0.0448430493273543	"SiO2"	60.08	0.742343541944075	40.8	"Ca, Cl, SiO2, SO4 "
"ID:5A"	6	"Perm spand"	50	2	0.04	"SiO2"	60.08	0.832223701731025	61.2	"Ca, Cl, SiO2, SO4 "
"ID:5A"	8	"Perm spand"	56.4	2	0.0354609929078014	"SiO2"	60.08	0.938748335552597	81.6	"Ca, Cl, SiO2, SO4 "
"ID:5A"	0	"Feed"	70.6	2	0.028328611898017	"SiO2"	60.08	1.17509986684421	0	"Ca, Cl, SiO2, SO4 "
"ID:5A"	2	"Feed"	80.6	2	0.0248138957816377	"SiO2"	60.08	1.34154460719041	20.4	"Ca, Cl, SiO2, SO4 "
"ID:5A"	2	"Permeate"	44.8	2	0.0446428571428571	"SiO2"	60.08	0.745672436750999	20.4	"Ca, Cl, SiO2, SO4 "
"ID:5A"	4	"Feed"	87	2	0.0229885057471264	"SiO2"	60.08	1.44806924101198	40.8	"Ca, Cl, SiO2, SO4 "
"ID:5A"	4	"Permeate"	48	2	0.0416666666666667	"SiO2"	60.08	0.798934753661784	40.8	"Ca, Cl, SiO2, SO4 "
"ID:5A"	6	"Feed"	99.6	2	0.0200803212851406	"SiO2"	60.08	1.6577896138482	61.2	"Ca, Cl, SiO2, SO4 "
"ID:5A"	6	"Permeate"	52.8	2	0.0378787878787879	"SiO2"	60.08	0.878828229027963	61.2	"Ca, Cl, SiO2, SO4 "
"ID:5A"	7	"Feed"	113	2	0.0176991150442478	"SiO2"	60.08	1.88082556591212	71.4	"Ca, Cl, SiO2, SO4 "
"ID:5A"	7	"Permeate"	56.6	2	0.0353356890459364	"SiO2"	60.08	0.942077230359521	71.4	"Ca, Cl, SiO2, SO4 "
"ID:5A"	7.25	"Feed"	123.2	2	0.0162337662337662	"SiO2"	60.08	2.05059920106525	73.95	"Ca, Cl, SiO2, SO4 "
"ID:5B"	1.5	"Perm spand"	38.5	2	0.051948051948052	"SiO2"	60.08	0.640812250332889	15.3	"Ca, Cl, SiO2, SO4 "
"ID:5B"	0	"Feed"	30.2	2	0.0662251655629139	"SiO2"	60.08	0.502663115845539	0	"Ca, Cl, SiO2, SO4 "
"ID:5B"	1.5	"Feed"	44.7	2	0.0447427293064877	"SiO2"	60.08	0.744007989347537	15.3	"Ca, Cl, SiO2, SO4 "
"ID:5B"	1.5	"Permeate Slange"	42.4	2	0.0471698113207547	"SiO2"	60.08	0.705725699067909	15.3	"Ca, Cl, SiO2, SO4 "
